venue,umpire2,winner_runs,date,method,reserve_umpire,winner,city,balls_per_over,outcome,match_number,match_referee,team1,eliminator,date1,gender,team2,winner_wickets,toss_winner,toss_decision,date2,tv_umpire,season,umpire1,event,neutralvenue,player_of_match,matchId
Sheikh Zayed Stadium,VK Sharma,,2020-09-19,,UV Gandhe,Chennai Super Kings,Abu Dhabi,6,,1.0,M Nayyar,Mumbai Indians,,,male,Chennai Super Kings,5.0,Chennai Super Kings,field,,S Ravi,2020/21,CB Gaffaney,Indian Premier League,,AT Rayudu,1216492
Dubai International Cricket Stadium,Nitin Menon,,2020-09-20,,YC Barde,,,6,tie,2.0,J Srinath,Delhi Capitals,Delhi Capitals,,male,Kings XI Punjab,,Kings XI Punjab,field,,PR Reiffel,2020/21,AK Chaudhary,Indian Premier League,,MP Stoinis,1216493
Dubai International Cricket Stadium,Nitin Menon,10.0,2020-09-21,,YC Barde,Royal Challengers Bangalore,,6,,3.0,Prakash Bhatt,Royal Challengers Bangalore,,,male,Sunrisers Hyderabad,,Sunrisers Hyderabad,field,,AK Chaudhary,2020/21,AY Dandekar,Indian Premier League,,YS Chahal,1216534
Sharjah Cricket Stadium,VA Kulkarni,16.0,2020-09-22,,K Srinivasan,Rajasthan Royals,,6,,4.0,V Narayan Kutty,Rajasthan Royals,,,male,Chennai Super Kings,,Chennai Super Kings,field,,KN Ananthapadmanabhan,2020/21,C Shamshuddin,Indian Premier League,,SV Samson,1216496
Sheikh Zayed Stadium,S Ravi,49.0,2020-09-23,,PG Pathak,Mumbai Indians,Abu Dhabi,6,,5.0,M Nayyar,Mumbai Indians,,,male,Kolkata Knight Riders,,Kolkata Knight Riders,field,,VK Sharma,2020/21,CB Gaffaney,Indian Premier League,,RG Sharma,1216508
Dubai International Cricket Stadium,PR Reiffel,97.0,2020-09-24,,AY Dandekar,Kings XI Punjab,,6,,6.0,J Srinath,Kings XI Punjab,,,male,Royal Challengers Bangalore,,Royal Challengers Bangalore,field,,Nitin Menon,2020/21,AK Chaudhary,Indian Premier League,,KL Rahul,1216510
Dubai International Cricket Stadium,RK Illingworth,44.0,2020-09-25,,VA Kulkarni,Delhi Capitals,,6,,7.0,V Narayan Kutty,Delhi Capitals,,,male,Chennai Super Kings,,Chennai Super Kings,field,,K Srinivasan,2020/21,KN Ananthapadmanabhan,Indian Premier League,,PP Shaw,1216539
Sheikh Zayed Stadium,VK Sharma,,2020-09-26,,UV Gandhe,Kolkata Knight Riders,Abu Dhabi,6,,8.0,Shakti Singh,Sunrisers Hyderabad,,,male,Kolkata Knight Riders,7.0,Sunrisers Hyderabad,bat,,S Ravi,2020/21,CB Gaffaney,Indian Premier League,,Shubman Gill,1216545
Sharjah Cricket Stadium,K Srinivasan,,2020-09-27,,VA Kulkarni,Rajasthan Royals,,6,,9.0,V Narayan Kutty,Kings XI Punjab,,,male,Rajasthan Royals,4.0,Rajasthan Royals,field,,C Shamshuddin,2020/21,RK Illingworth,Indian Premier League,,SV Samson,1216527
Dubai International Cricket Stadium,PR Reiffel,,2020-09-28,,YC Barde,,,6,tie,10.0,J Srinath,Royal Challengers Bangalore,Royal Challengers Bangalore,,male,Mumbai Indians,,Mumbai Indians,field,,AK Chaudhary,2020/21,Nitin Menon,Indian Premier League,,AB de Villiers,1216547
Sheikh Zayed Stadium,S Ravi,15.0,2020-09-29,,PG Pathak,Sunrisers Hyderabad,Abu Dhabi,6,,11.0,M Nayyar,Sunrisers Hyderabad,,,male,Delhi Capitals,,Delhi Capitals,field,,CB Gaffaney,2020/21,VK Sharma,Indian Premier League,,Rashid Khan,1216532
Dubai International Cricket Stadium,C Shamshuddin,37.0,2020-09-30,,K Srinivasan,Kolkata Knight Riders,,6,,12.0,V Narayan Kutty,Kolkata Knight Riders,,,male,Rajasthan Royals,,Rajasthan Royals,field,,VA Kulkarni,2020/21,KN Ananthapadmanabhan,Indian Premier League,,Shivam Mavi,1216504
Sheikh Zayed Stadium,S Ravi,48.0,2020-10-01,,PG Pathak,Mumbai Indians,Abu Dhabi,6,,13.0,M Nayyar,Mumbai Indians,,,male,Kings XI Punjab,,Kings XI Punjab,field,,UV Gandhe,2020/21,VK Sharma,Indian Premier League,,KA Pollard,1216503
Dubai International Cricket Stadium,PR Reiffel,7.0,2020-10-02,,AY Dandekar,Sunrisers Hyderabad,,6,,14.0,Prakash Bhatt,Sunrisers Hyderabad,,,male,Chennai Super Kings,,Sunrisers Hyderabad,bat,,YC Barde,2020/21,AK Chaudhary,Indian Premier League,,PK Garg,1216516
Sharjah Cricket Stadium,RK Illingworth,18.0,2020-10-03,,K Srinivasan,Delhi Capitals,,6,,16.0,V Narayan Kutty,Delhi Capitals,,,male,Kolkata Knight Riders,,Kolkata Knight Riders,field,,KN Ananthapadmanabhan,2020/21,VA Kulkarni,Indian Premier League,,SS Iyer,1216515
Sheikh Zayed Stadium,S Ravi,,2020-10-03,,UV Gandhe,Royal Challengers Bangalore,Abu Dhabi,6,,15.0,M Nayyar,Rajasthan Royals,,,male,Royal Challengers Bangalore,8.0,Rajasthan Royals,bat,,PG Pathak,2020/21,CB Gaffaney,Indian Premier League,,YS Chahal,1216514
Sharjah Cricket Stadium,RK Illingworth,34.0,2020-10-04,,VA Kulkarni,Mumbai Indians,,6,,17.0,V Narayan Kutty,Mumbai Indians,,,male,Sunrisers Hyderabad,,Mumbai Indians,bat,,K Srinivasan,2020/21,KN Ananthapadmanabhan,Indian Premier League,,TA Boult,1216538
Dubai International Cricket Stadium,Nitin Menon,,2020-10-04,,YC Barde,Chennai Super Kings,,6,,18.0,J Srinath,Kings XI Punjab,,,male,Chennai Super Kings,10.0,Kings XI Punjab,bat,,PR Reiffel,2020/21,AY Dandekar,Indian Premier League,,SR Watson,1216513
Dubai International Cricket Stadium,YC Barde,59.0,2020-10-05,,AY Dandekar,Delhi Capitals,,6,,19.0,Prakash Bhatt,Delhi Capitals,,,male,Royal Challengers Bangalore,,Royal Challengers Bangalore,field,,PR Reiffel,2020/21,Nitin Menon,Indian Premier League,,AR Patel,1216519
Sheikh Zayed Stadium,S Ravi,57.0,2020-10-06,,UV Gandhe,Mumbai Indians,Abu Dhabi,6,,20.0,Shakti Singh,Mumbai Indians,,,male,Rajasthan Royals,,Mumbai Indians,bat,,CB Gaffaney,2020/21,VK Sharma,Indian Premier League,,SA Yadav,1216511
Sheikh Zayed Stadium,RK Illingworth,10.0,2020-10-07,,K Srinivasan,Kolkata Knight Riders,Abu Dhabi,6,,21.0,V Narayan Kutty,Kolkata Knight Riders,,,male,Chennai Super Kings,,Kolkata Knight Riders,bat,,C Shamshuddin,2020/21,KN Ananthapadmanabhan,Indian Premier League,,RA Tripathi,1216501
Dubai International Cricket Stadium,Nitin Menon,69.0,2020-10-08,,AY Dandekar,Sunrisers Hyderabad,,6,,22.0,J Srinath,Sunrisers Hyderabad,,,male,Kings XI Punjab,,Sunrisers Hyderabad,bat,,YC Barde,2020/21,AK Chaudhary,Indian Premier League,,JM Bairstow,1216542
Sharjah Cricket Stadium,C Shamshuddin,46.0,2020-10-09,,K Srinivasan,Delhi Capitals,,6,,23.0,V Narayan Kutty,Delhi Capitals,,,male,Rajasthan Royals,,Rajasthan Royals,field,,VA Kulkarni,2020/21,KN Ananthapadmanabhan,Indian Premier League,,R Ashwin,1216500
Sheikh Zayed Stadium,CB Gaffaney,2.0,2020-10-10,,PG Pathak,Kolkata Knight Riders,Abu Dhabi,6,,24.0,M Nayyar,Kolkata Knight Riders,,,male,Kings XI Punjab,,Kolkata Knight Riders,bat,,VK Sharma,2020/21,UV Gandhe,Indian Premier League,,KD Karthik,1216523
Dubai International Cricket Stadium,PR Reiffel,37.0,2020-10-10,,YC Barde,Royal Challengers Bangalore,,6,,25.0,J Srinath,Royal Challengers Bangalore,,,male,Chennai Super Kings,,Royal Challengers Bangalore,bat,,AY Dandekar,2020/21,AK Chaudhary,Indian Premier League,,V Kohli,1216525
Sheikh Zayed Stadium,S Ravi,,2020-10-11,,UV Gandhe,Mumbai Indians,Abu Dhabi,6,,27.0,Shakti Singh,Delhi Capitals,,,male,Mumbai Indians,5.0,Delhi Capitals,bat,,VK Sharma,2020/21,CB Gaffaney,Indian Premier League,,Q de Kock,1216529
Dubai International Cricket Stadium,PR Reiffel,,2020-10-11,,AY Dandekar,Rajasthan Royals,,6,,26.0,Prakash Bhatt,Sunrisers Hyderabad,,,male,Rajasthan Royals,5.0,Sunrisers Hyderabad,bat,,Nitin Menon,2020/21,YC Barde,Indian Premier League,,R Tewatia,1216507
Sharjah Cricket Stadium,K Srinivasan,82.0,2020-10-12,,VA Kulkarni,Royal Challengers Bangalore,,6,,28.0,V Narayan Kutty,Royal Challengers Bangalore,,,male,Kolkata Knight Riders,,Royal Challengers Bangalore,bat,,KN Ananthapadmanabhan,2020/21,RK Illingworth,Indian Premier League,,AB de Villiers,1216540
Dubai International Cricket Stadium,PR Reiffel,20.0,2020-10-13,,YC Barde,Chennai Super Kings,,6,,29.0,J Srinath,Chennai Super Kings,,,male,Sunrisers Hyderabad,,Chennai Super Kings,bat,,Nitin Menon,2020/21,AK Chaudhary,Indian Premier League,,RA Jadeja,1216528
Dubai International Cricket Stadium,Nitin Menon,13.0,2020-10-14,,YC Barde,Delhi Capitals,,6,,30.0,J Srinath,Delhi Capitals,,,male,Rajasthan Royals,,Delhi Capitals,bat,,AY Dandekar,2020/21,AK Chaudhary,Indian Premier League,,A Nortje,1216543
Sharjah Cricket Stadium,C Shamshuddin,,2020-10-15,,K Srinivasan,Kings XI Punjab,,6,,31.0,V Narayan Kutty,Royal Challengers Bangalore,,,male,Kings XI Punjab,8.0,Royal Challengers Bangalore,bat,,RK Illingworth,2020/21,KN Ananthapadmanabhan,Indian Premier League,,KL Rahul,1216531
Sheikh Zayed Stadium,VK Sharma,,2020-10-16,,PG Pathak,Mumbai Indians,Abu Dhabi,6,,32.0,M Nayyar,Kolkata Knight Riders,,,male,Mumbai Indians,8.0,Kolkata Knight Riders,bat,,S Ravi,2020/21,CB Gaffaney,Indian Premier League,,Q de Kock,1216526
Dubai International Cricket Stadium,Nitin Menon,,2020-10-17,,YC Barde,Royal Challengers Bangalore,,6,,33.0,J Srinath,Rajasthan Royals,,,male,Royal Challengers Bangalore,7.0,Rajasthan Royals,bat,,PR Reiffel,2020/21,AK Chaudhary,Indian Premier League,,AB de Villiers,1216522
Sharjah Cricket Stadium,RK Illingworth,,2020-10-17,,VA Kulkarni,Delhi Capitals,,6,,34.0,V Narayan Kutty,Chennai Super Kings,,,male,Delhi Capitals,5.0,Chennai Super Kings,bat,,C Shamshuddin,2020/21,KN Ananthapadmanabhan,Indian Premier League,,S Dhawan,1216509
Dubai International Cricket Stadium,PR Reiffel,,2020-10-18,,AY Dandekar,,,6,tie,36.0,J Srinath,Mumbai Indians,Kings XI Punjab,,male,Kings XI Punjab,,Mumbai Indians,bat,,AK Chaudhary,2020/21,Nitin Menon,Indian Premier League,,KL Rahul,1216517
Sheikh Zayed Stadium,S Ravi,,2020-10-18,,UV Gandhe,,Abu Dhabi,6,tie,35.0,M Nayyar,Kolkata Knight Riders,Kolkata Knight Riders,,male,Sunrisers Hyderabad,,Sunrisers Hyderabad,field,,VK Sharma,2020/21,PG Pathak,Indian Premier League,,LH Ferguson,1216512
Sheikh Zayed Stadium,VK Sharma,,2020-10-19,,PG Pathak,Rajasthan Royals,Abu Dhabi,6,,37.0,M Nayyar,Chennai Super Kings,,,male,Rajasthan Royals,7.0,Chennai Super Kings,bat,,UV Gandhe,2020/21,CB Gaffaney,Indian Premier League,,JC Buttler,1216533
Dubai International Cricket Stadium,RK Illingworth,,2020-10-20,,K Srinivasan,Kings XI Punjab,,6,,38.0,Prakash Bhatt,Delhi Capitals,,,male,Kings XI Punjab,5.0,Delhi Capitals,bat,,KN Ananthapadmanabhan,2020/21,C Shamshuddin,Indian Premier League,,S Dhawan,1216546
Sheikh Zayed Stadium,S Ravi,,2020-10-21,,UV Gandhe,Royal Challengers Bangalore,Abu Dhabi,6,,39.0,Shakti Singh,Kolkata Knight Riders,,,male,Royal Challengers Bangalore,8.0,Kolkata Knight Riders,bat,,CB Gaffaney,2020/21,VK Sharma,Indian Premier League,,Mohammed Siraj,1216494
Dubai International Cricket Stadium,PR Reiffel,,2020-10-22,,AY Dandekar,Sunrisers Hyderabad,,6,,40.0,J Srinath,Rajasthan Royals,,,male,Sunrisers Hyderabad,8.0,Sunrisers Hyderabad,field,,AK Chaudhary,2020/21,Nitin Menon,Indian Premier League,,MK Pandey,1216518
Sharjah Cricket Stadium,VA Kulkarni,,2020-10-23,,K Srinivasan,Mumbai Indians,,6,,41.0,V Narayan Kutty,Chennai Super Kings,,,male,Mumbai Indians,10.0,Mumbai Indians,field,,RK Illingworth,2020/21,C Shamshuddin,Indian Premier League,,TA Boult,1216521
Dubai International Cricket Stadium,PR Reiffel,12.0,2020-10-24,,YC Barde,Kings XI Punjab,,6,,43.0,J Srinath,Kings XI Punjab,,,male,Sunrisers Hyderabad,,Sunrisers Hyderabad,field,,Nitin Menon,2020/21,AY Dandekar,Indian Premier League,,CJ Jordan,1216498
Sheikh Zayed Stadium,PG Pathak,59.0,2020-10-24,,UV Gandhe,Kolkata Knight Riders,Abu Dhabi,6,,42.0,M Nayyar,Kolkata Knight Riders,,,male,Delhi Capitals,,Delhi Capitals,field,,S Ravi,2020/21,CB Gaffaney,Indian Premier League,,CV Varun,1216497
Dubai International Cricket Stadium,RK Illingworth,,2020-10-25,,VA Kulkarni,Chennai Super Kings,,6,,44.0,Prakash Bhatt,Royal Challengers Bangalore,,,male,Chennai Super Kings,8.0,Royal Challengers Bangalore,bat,,KN Ananthapadmanabhan,2020/21,C Shamshuddin,Indian Premier League,,RD Gaikwad,1216544
Sheikh Zayed Stadium,VK Sharma,,2020-10-25,,PG Pathak,Rajasthan Royals,Abu Dhabi,6,,45.0,Shakti Singh,Mumbai Indians,,,male,Rajasthan Royals,8.0,Mumbai Indians,bat,,S Ravi,2020/21,UV Gandhe,Indian Premier League,,BA Stokes,1216541
Sharjah Cricket Stadium,RK Illingworth,,2020-10-26,,VA Kulkarni,Kings XI Punjab,,6,,46.0,V Narayan Kutty,Kolkata Knight Riders,,,male,Kings XI Punjab,8.0,Kings XI Punjab,field,,K Srinivasan,2020/21,KN Ananthapadmanabhan,Indian Premier League,,CH Gayle,1216520
Dubai International Cricket Stadium,Nitin Menon,88.0,2020-10-27,,AY Dandekar,Sunrisers Hyderabad,,6,,47.0,J Srinath,Sunrisers Hyderabad,,,male,Delhi Capitals,,Delhi Capitals,field,,PR Reiffel,2020/21,AK Chaudhary,Indian Premier League,,WP Saha,1216524
Sheikh Zayed Stadium,CB Gaffaney,,2020-10-28,,PG Pathak,Mumbai Indians,Abu Dhabi,6,,48.0,M Nayyar,Royal Challengers Bangalore,,,male,Mumbai Indians,5.0,Mumbai Indians,field,,S Ravi,2020/21,UV Gandhe,Indian Premier League,,SA Yadav,1216499
Dubai International Cricket Stadium,RK Illingworth,,2020-10-29,,K Srinivasan,Chennai Super Kings,,6,,49.0,Prakash Bhatt,Kolkata Knight Riders,,,male,Chennai Super Kings,6.0,Chennai Super Kings,field,,KN Ananthapadmanabhan,2020/21,C Shamshuddin,Indian Premier League,,RD Gaikwad,1216536
Sheikh Zayed Stadium,S Ravi,,2020-10-30,,UV Gandhe,Rajasthan Royals,Abu Dhabi,6,,50.0,M Nayyar,Kings XI Punjab,,,male,Rajasthan Royals,7.0,Rajasthan Royals,field,,PG Pathak,2020/21,CB Gaffaney,Indian Premier League,,BA Stokes,1216537
Sharjah Cricket Stadium,K Srinivasan,,2020-10-31,,VA Kulkarni,Sunrisers Hyderabad,,6,,52.0,V Narayan Kutty,Royal Challengers Bangalore,,,male,Sunrisers Hyderabad,5.0,Sunrisers Hyderabad,field,,C Shamshuddin,2020/21,KN Ananthapadmanabhan,Indian Premier League,,Sandeep Sharma,1216502
Dubai International Cricket Stadium,PR Reiffel,,2020-10-31,,AY Dandekar,Mumbai Indians,,6,,51.0,J Srinath,Delhi Capitals,,,male,Mumbai Indians,9.0,Mumbai Indians,field,,AK Chaudhary,2020/21,YC Barde,Indian Premier League,,Ishan Kishan,1216535
Dubai International Cricket Stadium,PR Reiffel,60.0,2020-11-01,,YC Barde,Kolkata Knight Riders,,6,,54.0,Shakti Singh,Kolkata Knight Riders,,,male,Rajasthan Royals,,Rajasthan Royals,field,,AK Chaudhary,2020/21,Nitin Menon,Indian Premier League,,PJ Cummins,1216530
Sheikh Zayed Stadium,VK Sharma,,2020-11-01,,UV Gandhe,Chennai Super Kings,Abu Dhabi,6,,53.0,M Nayyar,Kings XI Punjab,,,male,Chennai Super Kings,9.0,Chennai Super Kings,field,,CB Gaffaney,2020/21,PG Pathak,Indian Premier League,,RD Gaikwad,1216506
Sheikh Zayed Stadium,S Ravi,,2020-11-02,,PG Pathak,Delhi Capitals,Abu Dhabi,6,,55.0,M Nayyar,Royal Challengers Bangalore,,,male,Delhi Capitals,6.0,Delhi Capitals,field,,VK Sharma,2020/21,CB Gaffaney,Indian Premier League,,A Nortje,1216505
Sharjah Cricket Stadium,RK Illingworth,,2020-11-03,,VA Kulkarni,Sunrisers Hyderabad,,6,,56.0,Prakash Bhatt,Mumbai Indians,,,male,Sunrisers Hyderabad,10.0,Sunrisers Hyderabad,field,,KN Ananthapadmanabhan,2020/21,C Shamshuddin,Indian Premier League,,S Nadeem,1216495
Dubai International Cricket Stadium,Nitin Menon,57.0,2020-11-05,,AK Chaudhary,Mumbai Indians,,6,,,J Srinath,Mumbai Indians,,,male,Delhi Capitals,,Delhi Capitals,field,,KN Ananthapadmanabhan,2020/21,CB Gaffaney,Indian Premier League,,JJ Bumrah,1237177
Sheikh Zayed Stadium,S Ravi,,2020-11-06,,C Shamshuddin,Sunrisers Hyderabad,Abu Dhabi,6,,,M Nayyar,Royal Challengers Bangalore,,,male,Sunrisers Hyderabad,6.0,Sunrisers Hyderabad,field,,VK Sharma,2020/21,PR Reiffel,Indian Premier League,,KS Williamson,1237178
Sheikh Zayed Stadium,S Ravi,17.0,2020-11-08,,VK Sharma,Delhi Capitals,Abu Dhabi,6,,,M Nayyar,Delhi Capitals,,,male,Sunrisers Hyderabad,,Delhi Capitals,bat,,C Shamshuddin,2020/21,PR Reiffel,Indian Premier League,,MP Stoinis,1237180
Dubai International Cricket Stadium,Nitin Menon,,2020-11-10,,KN Ananthapadmanabhan,Mumbai Indians,,6,,,J Srinath,Delhi Capitals,,,male,Mumbai Indians,5.0,Delhi Capitals,bat,,AK Chaudhary,2020/21,CB Gaffaney,Indian Premier League,,TA Boult,1237181
"MA Chidambaram Stadium, Chepauk, Chennai",Nitin Menon,,2021-04-09,,UV Gandhe,Royal Challengers Bangalore,Chennai,6,,1.0,V Narayan Kutty,Mumbai Indians,,,male,Royal Challengers Bangalore,2.0,Royal Challengers Bangalore,field,,C Shamshuddin,2021,KN Ananthapadmanabhan,Indian Premier League,,HV Patel,1254058
"Wankhede Stadium, Mumbai",VK Sharma,,2021-04-10,,AY Dandekar,Delhi Capitals,Mumbai,6,,2.0,M Nayyar,Chennai Super Kings,,,male,Delhi Capitals,7.0,Delhi Capitals,field,,S Ravi,2021,AK Chaudhary,Indian Premier League,,S Dhawan,1254059
"MA Chidambaram Stadium, Chepauk, Chennai",Nitin Menon,10.0,2021-04-11,,HAS Khalid,Kolkata Knight Riders,Chennai,6,,3.0,V Narayan Kutty,Kolkata Knight Riders,,,male,Sunrisers Hyderabad,,Sunrisers Hyderabad,field,,CB Gaffaney,2021,KN Ananthapadmanabhan,Indian Premier League,,N Rana,1254060
"Wankhede Stadium, Mumbai",S Ravi,4.0,2021-04-12,,YC Barde,Punjab Kings,Mumbai,6,,4.0,M Nayyar,Punjab Kings,,,male,Rajasthan Royals,,Rajasthan Royals,field,,VK Sharma,2021,AK Chaudhary,Indian Premier League,,SV Samson,1254061
"MA Chidambaram Stadium, Chepauk, Chennai",CB Gaffaney,10.0,2021-04-13,,HAS Khalid,Mumbai Indians,Chennai,6,,5.0,S Chaturvedi,Mumbai Indians,,,male,Kolkata Knight Riders,,Kolkata Knight Riders,field,,KN Ananthapadmanabhan,2021,C Shamshuddin,Indian Premier League,,RD Chahar,1254062
"MA Chidambaram Stadium, Chepauk, Chennai",UV Gandhe,6.0,2021-04-14,,Tapan Sharma,Royal Challengers Bangalore,Chennai,6,,6.0,V Narayan Kutty,Royal Challengers Bangalore,,,male,Sunrisers Hyderabad,,Sunrisers Hyderabad,field,,C Shamshuddin,2021,Nitin Menon,Indian Premier League,,GJ Maxwell,1254063
"Wankhede Stadium, Mumbai",VK Sharma,,2021-04-15,,J Madanagopal,Rajasthan Royals,Mumbai,6,,7.0,Shakti Singh,Delhi Capitals,,,male,Rajasthan Royals,3.0,Rajasthan Royals,field,,AK Chaudhary,2021,S Ravi,Indian Premier League,,JD Unadkat,1254064
"Wankhede Stadium, Mumbai",AY Dandekar,,2021-04-16,,Navdeep Singh,Chennai Super Kings,Mumbai,6,,8.0,Prakash Bhatt,Punjab Kings,,,male,Chennai Super Kings,6.0,Chennai Super Kings,field,,VK Sharma,2021,AK Chaudhary,Indian Premier League,,DL Chahar,1254065
"MA Chidambaram Stadium, Chepauk, Chennai",K Srinivasan,13.0,2021-04-17,,Tapan Sharma,Mumbai Indians,Chennai,6,,9.0,S Chaturvedi,Mumbai Indians,,,male,Sunrisers Hyderabad,,Mumbai Indians,bat,,KN Ananthapadmanabhan,2021,CB Gaffaney,Indian Premier League,,KA Pollard,1254066
"Wankhede Stadium, Mumbai",PR Reiffel,,2021-04-18,,J Madanagopal,Delhi Capitals,Mumbai,6,,11.0,M Nayyar,Punjab Kings,,,male,Delhi Capitals,6.0,Delhi Capitals,field,,S Ravi,2021,AK Chaudhary,Indian Premier League,,S Dhawan,1254068
"MA Chidambaram Stadium, Chepauk, Chennai",Nitin Menon,38.0,2021-04-18,,K Srinivasan,Royal Challengers Bangalore,Chennai,6,,10.0,V Narayan Kutty,Royal Challengers Bangalore,,,male,Kolkata Knight Riders,,Royal Challengers Bangalore,bat,,CB Gaffaney,2021,C Shamshuddin,Indian Premier League,,AB de Villiers,1254067
"Wankhede Stadium, Mumbai",VK Sharma,45.0,2021-04-19,,Navdeep Singh,Chennai Super Kings,Mumbai,6,,12.0,Prakash Bhatt,Chennai Super Kings,,,male,Rajasthan Royals,,Rajasthan Royals,field,,YC Barde,2021,PR Reiffel,Indian Premier League,,MM Ali,1254069
"MA Chidambaram Stadium, Chepauk, Chennai",CB Gaffaney,,2021-04-20,,Tapan Sharma,Delhi Capitals,Chennai,6,,13.0,V Narayan Kutty,Mumbai Indians,,,male,Delhi Capitals,6.0,Mumbai Indians,bat,,UV Gandhe,2021,C Shamshuddin,Indian Premier League,,A Mishra,1254070
"MA Chidambaram Stadium, Chepauk, Chennai",Nitin Menon,,2021-04-21,,HAS Khalid,Sunrisers Hyderabad,Chennai,6,,14.0,S Chaturvedi,Punjab Kings,,,male,Sunrisers Hyderabad,9.0,Punjab Kings,bat,,KN Ananthapadmanabhan,2021,K Srinivasan,Indian Premier League,,JM Bairstow,1254071
"Wankhede Stadium, Mumbai",PR Reiffel,18.0,2021-04-21,,YC Barde,Chennai Super Kings,Mumbai,6,,15.0,Shakti Singh,Chennai Super Kings,,,male,Kolkata Knight Riders,,Kolkata Knight Riders,field,,AK Chaudhary,2021,AY Dandekar,Indian Premier League,,F du Plessis,1254072
"Wankhede Stadium, Mumbai",S Ravi,,2021-04-22,,AY Dandekar,Royal Challengers Bangalore,Mumbai,6,,16.0,Shakti Singh,Rajasthan Royals,,,male,Royal Challengers Bangalore,10.0,Royal Challengers Bangalore,field,,VK Sharma,2021,J Madanagopal,Indian Premier League,,D Padikkal,1254073
"MA Chidambaram Stadium, Chepauk, Chennai",Nitin Menon,,2021-04-23,,UV Gandhe,Punjab Kings,Chennai,6,,17.0,V Narayan Kutty,Mumbai Indians,,,male,Punjab Kings,9.0,Punjab Kings,field,,HAS Khalid,2021,C Shamshuddin,Indian Premier League,,KL Rahul,1254074
"Wankhede Stadium, Mumbai",S Ravi,,2021-04-24,,YC Barde,Rajasthan Royals,Mumbai,6,,18.0,M Nayyar,Kolkata Knight Riders,,,male,Rajasthan Royals,6.0,Rajasthan Royals,field,,PR Reiffel,2021,Navdeep Singh,Indian Premier League,,CH Morris,1254075
"MA Chidambaram Stadium, Chepauk, Chennai",KN Ananthapadmanabhan,,2021-04-25,,K Srinivasan,,Chennai,6,tie,20.0,S Chaturvedi,Delhi Capitals,Delhi Capitals,,male,Sunrisers Hyderabad,,Delhi Capitals,bat,,Tapan Sharma,2021,CB Gaffaney,Indian Premier League,,PP Shaw,1254077
"Wankhede Stadium, Mumbai",VK Sharma,69.0,2021-04-25,,J Madanagopal,Chennai Super Kings,Mumbai,6,,19.0,Shakti Singh,Chennai Super Kings,,,male,Royal Challengers Bangalore,,Chennai Super Kings,bat,,Navdeep Singh,2021,AK Chaudhary,Indian Premier League,,RA Jadeja,1254076
"Narendra Modi Stadium, Ahmedabad",YC Barde,,2021-04-26,,AY Dandekar,Kolkata Knight Riders,Ahmedabad,6,,21.0,Prakash Bhatt,Punjab Kings,,,male,Kolkata Knight Riders,5.0,Kolkata Knight Riders,field,,S Ravi,2021,PR Reiffel,Indian Premier League,,EJG Morgan,1254078
"Narendra Modi Stadium, Ahmedabad",VK Sharma,1.0,2021-04-27,,J Madanagopal,Royal Challengers Bangalore,Ahmedabad,6,,22.0,M Nayyar,Royal Challengers Bangalore,,,male,Delhi Capitals,,Delhi Capitals,field,,AK Chaudhary,2021,S Ravi,Indian Premier League,,AB de Villiers,1254079
"Arun Jaitley Stadium, Delhi",CK Nandan,,2021-04-28,,UV Gandhe,Chennai Super Kings,Delhi,6,,23.0,J Srinath,Sunrisers Hyderabad,,,male,Chennai Super Kings,7.0,Sunrisers Hyderabad,bat,,KN Ananthapadmanabhan,2021,C Shamshuddin,Indian Premier League,,RD Gaikwad,1254080
"Arun Jaitley Stadium, Delhi",KN Ananthapadmanabhan,,2021-04-29,,Tapan Sharma,Mumbai Indians,Delhi,6,,24.0,V Narayan Kutty,Rajasthan Royals,,,male,Mumbai Indians,7.0,Mumbai Indians,field,,C Shamshuddin,2021,CB Gaffaney,Indian Premier League,,Q de Kock,1254081
"Narendra Modi Stadium, Ahmedabad",YC Barde,,2021-04-29,,Navdeep Singh,Delhi Capitals,Ahmedabad,6,,25.0,Prakash Bhatt,Kolkata Knight Riders,,,male,Delhi Capitals,7.0,Delhi Capitals,field,,AY Dandekar,2021,AK Chaudhary,Indian Premier League,,PP Shaw,1254082
"Narendra Modi Stadium, Ahmedabad",VK Sharma,34.0,2021-04-30,,YC Barde,Punjab Kings,Ahmedabad,6,,26.0,Shakti Singh,Punjab Kings,,,male,Royal Challengers Bangalore,,Royal Challengers Bangalore,field,,J Madanagopal,2021,S Ravi,Indian Premier League,,Harpreet Brar,1254083
"Arun Jaitley Stadium, Delhi",CK Nandan,,2021-05-01,,K Srinivasan,Mumbai Indians,Delhi,6,,27.0,J Srinath,Chennai Super Kings,,,male,Mumbai Indians,4.0,Mumbai Indians,field,,CB Gaffaney,2021,KN Ananthapadmanabhan,Indian Premier League,,KA Pollard,1254084
"Arun Jaitley Stadium, Delhi",CB Gaffaney,55.0,2021-05-02,,HAS Khalid,Rajasthan Royals,Delhi,6,,28.0,S Chaturvedi,Rajasthan Royals,,,male,Sunrisers Hyderabad,,Sunrisers Hyderabad,field,,UV Gandhe,2021,C Shamshuddin,Indian Premier League,,JC Buttler,1254085
"Narendra Modi Stadium, Ahmedabad",AY Dandekar,,2021-05-02,,Navdeep Singh,Delhi Capitals,Ahmedabad,6,,29.0,Shakti Singh,Punjab Kings,,,male,Delhi Capitals,7.0,Delhi Capitals,field,,J Madanagopal,2021,AK Chaudhary,Indian Premier League,,MA Agarwal,1254086
Dubai International Cricket Stadium,RK Illingworth,20.0,2021-09-19,,AY Dandekar,Chennai Super Kings,Dubai,6,,30.0,J Srinath,Chennai Super Kings,,,male,Mumbai Indians,,Chennai Super Kings,bat,,AK Chaudhary,2021,Nitin Menon,Indian Premier League,,RD Gaikwad,1254104
"Zayed Cricket Stadium, Abu Dhabi",S Ravi,,2021-09-20,,UV Gandhe,Kolkata Knight Riders,Abu Dhabi,6,,31.0,V Narayan Kutty,Royal Challengers Bangalore,,,male,Kolkata Knight Riders,9.0,Royal Challengers Bangalore,bat,,VK Sharma,2021,CB Gaffaney,Indian Premier League,,CV Varun,1254087
Dubai International Cricket Stadium,MA Gough,2.0,2021-09-21,,YC Barde,Rajasthan Royals,Dubai,6,,32.0,Prakash Bhatt,Rajasthan Royals,,,male,Punjab Kings,,Punjab Kings,field,,KN Ananthapadmanabhan,2021,AK Chaudhary,Indian Premier League,,Kartik Tyagi,1254111
Dubai International Cricket Stadium,RK Illingworth,,2021-09-22,,K Srinivasan,Delhi Capitals,Dubai,6,,33.0,M Nayyar,Sunrisers Hyderabad,,,male,Delhi Capitals,8.0,Sunrisers Hyderabad,bat,,J Madanagopal,2021,KN Ananthapadmanabhan,Indian Premier League,,A Nortje,1254105
"Zayed Cricket Stadium, Abu Dhabi",VK Sharma,,2021-09-23,,Tapan Sharma,Kolkata Knight Riders,Abu Dhabi,6,,34.0,V Narayan Kutty,Mumbai Indians,,,male,Kolkata Knight Riders,7.0,Kolkata Knight Riders,field,,CB Gaffaney,2021,S Ravi,Indian Premier League,,SP Narine,1254096
Sharjah Cricket Stadium,Nitin Menon,,2021-09-24,,Navdeep Singh,Chennai Super Kings,Sharjah,6,,35.0,J Srinath,Royal Challengers Bangalore,,,male,Chennai Super Kings,6.0,Chennai Super Kings,field,,MA Gough,2021,AK Chaudhary,Indian Premier League,,DJ Bravo,1254113
Sharjah Cricket Stadium,YC Barde,5.0,2021-09-25,,J Madanagopal,Punjab Kings,Sharjah,6,,37.0,Prakash Bhatt,Punjab Kings,,,male,Sunrisers Hyderabad,,Sunrisers Hyderabad,field,,KN Ananthapadmanabhan,2021,RK Illingworth,Indian Premier League,,JO Holder,1254107
"Zayed Cricket Stadium, Abu Dhabi",UV Gandhe,33.0,2021-09-25,,Tapan Sharma,Delhi Capitals,Abu Dhabi,6,,36.0,V Narayan Kutty,Delhi Capitals,,,male,Rajasthan Royals,,Rajasthan Royals,field,,S Ravi,2021,CB Gaffaney,Indian Premier League,,SS Iyer,1254097
Dubai International Cricket Stadium,MA Gough,54.0,2021-09-26,,HAS Khalid,Royal Challengers Bangalore,Dubai,6,,39.0,M Nayyar,Royal Challengers Bangalore,,,male,Mumbai Indians,,Mumbai Indians,field,,Nitin Menon,2021,AK Chaudhary,Indian Premier League,,GJ Maxwell,1254108
"Zayed Cricket Stadium, Abu Dhabi",Tapan Sharma,,2021-09-26,,UV Gandhe,Chennai Super Kings,Abu Dhabi,6,,38.0,V Narayan Kutty,Kolkata Knight Riders,,,male,Chennai Super Kings,2.0,Kolkata Knight Riders,bat,,VK Sharma,2021,CB Gaffaney,Indian Premier League,,RA Jadeja,1254098
Dubai International Cricket Stadium,Navdeep Singh,,2021-09-27,,AY Dandekar,Sunrisers Hyderabad,Dubai,6,,40.0,J Srinath,Rajasthan Royals,,,male,Sunrisers Hyderabad,7.0,Rajasthan Royals,bat,,RK Illingworth,2021,KN Ananthapadmanabhan,Indian Premier League,,JJ Roy,1254100
Sharjah Cricket Stadium,HAS Khalid,,2021-09-28,,YC Barde,Kolkata Knight Riders,Sharjah,6,,41.0,Prakash Bhatt,Delhi Capitals,,,male,Kolkata Knight Riders,3.0,Kolkata Knight Riders,field,,AK Chaudhary,2021,Nitin Menon,Indian Premier League,,SP Narine,1254092
"Zayed Cricket Stadium, Abu Dhabi",VK Sharma,,2021-09-28,,Tapan Sharma,Mumbai Indians,Abu Dhabi,6,,42.0,V Narayan Kutty,Punjab Kings,,,male,Mumbai Indians,6.0,Mumbai Indians,field,,UV Gandhe,2021,S Ravi,Indian Premier League,,KA Pollard,1254099
Dubai International Cricket Stadium,KN Ananthapadmanabhan,,2021-09-29,,K Srinivasan,Royal Challengers Bangalore,Dubai,6,,43.0,M Nayyar,Rajasthan Royals,,,male,Royal Challengers Bangalore,7.0,Royal Challengers Bangalore,field,,RK Illingworth,2021,AY Dandekar,Indian Premier League,,YS Chahal,1254103
Sharjah Cricket Stadium,YC Barde,,2021-09-30,,HAS Khalid,Chennai Super Kings,Sharjah,6,,44.0,Prakash Bhatt,Sunrisers Hyderabad,,,male,Chennai Super Kings,6.0,Chennai Super Kings,field,,MA Gough,2021,Nitin Menon,Indian Premier League,,JR Hazlewood,1254091
Dubai International Cricket Stadium,RK Illingworth,,2021-10-01,,J Madanagopal,Punjab Kings,Dubai,6,,45.0,M Nayyar,Kolkata Knight Riders,,,male,Punjab Kings,5.0,Punjab Kings,field,,AY Dandekar,2021,KN Ananthapadmanabhan,Indian Premier League,,KL Rahul,1254102
"Zayed Cricket Stadium, Abu Dhabi",VK Sharma,,2021-10-02,,UV Gandhe,Rajasthan Royals,Abu Dhabi,6,,47.0,V Narayan Kutty,Chennai Super Kings,,,male,Rajasthan Royals,7.0,Rajasthan Royals,field,,Tapan Sharma,2021,CB Gaffaney,Indian Premier League,,RD Gaikwad,1254089
Sharjah Cricket Stadium,MA Gough,,2021-10-02,,Navdeep Singh,Delhi Capitals,Sharjah,6,,46.0,J Srinath,Mumbai Indians,,,male,Delhi Capitals,4.0,Delhi Capitals,field,,Nitin Menon,2021,AK Chaudhary,Indian Premier League,,AR Patel,1254112
Sharjah Cricket Stadium,RK Illingworth,6.0,2021-10-03,,YC Barde,Royal Challengers Bangalore,Sharjah,6,,48.0,Prakash Bhatt,Royal Challengers Bangalore,,,male,Punjab Kings,,Royal Challengers Bangalore,bat,,K Srinivasan,2021,KN Ananthapadmanabhan,Indian Premier League,,GJ Maxwell,1254090
Dubai International Cricket Stadium,MA Gough,,2021-10-03,,HAS Khalid,Kolkata Knight Riders,Dubai,6,,49.0,M Nayyar,Sunrisers Hyderabad,,,male,Kolkata Knight Riders,6.0,Sunrisers Hyderabad,bat,,Navdeep Singh,2021,J Madanagopal,Indian Premier League,,Shubman Gill,1254109
Dubai International Cricket Stadium,Nitin Menon,,2021-10-04,,AY Dandekar,Delhi Capitals,Dubai,6,,50.0,J Srinath,Chennai Super Kings,,,male,Delhi Capitals,3.0,Delhi Capitals,field,,HAS Khalid,2021,AK Chaudhary,Indian Premier League,,AR Patel,1254110
Sharjah Cricket Stadium,MA Gough,,2021-10-05,,K Srinivasan,Mumbai Indians,Sharjah,6,,51.0,Prakash Bhatt,Rajasthan Royals,,,male,Mumbai Indians,8.0,Mumbai Indians,field,,J Madanagopal,2021,AK Chaudhary,Indian Premier League,,NM Coulter-Nile,1254093
"Zayed Cricket Stadium, Abu Dhabi",UV Gandhe,4.0,2021-10-06,,Tapan Sharma,Sunrisers Hyderabad,Abu Dhabi,6,,52.0,V Narayan Kutty,Sunrisers Hyderabad,,,male,Royal Challengers Bangalore,,Royal Challengers Bangalore,field,,CB Gaffaney,2021,S Ravi,Indian Premier League,,KS Williamson,1254095
Dubai International Cricket Stadium,RK Illingworth,,2021-10-07,,J Madanagopal,Punjab Kings,Dubai,6,,53.0,J Srinath,Chennai Super Kings,,,male,Punjab Kings,6.0,Punjab Kings,field,,AY Dandekar,2021,K Srinivasan,Indian Premier League,,KL Rahul,1254094
Sharjah Cricket Stadium,HAS Khalid,86.0,2021-10-07,,Navdeep Singh,Kolkata Knight Riders,Sharjah,6,,54.0,M Nayyar,Kolkata Knight Riders,,,male,Rajasthan Royals,,Rajasthan Royals,field,,YC Barde,2021,MA Gough,Indian Premier League,,Shivam Mavi,1254106
Dubai International Cricket Stadium,Nitin Menon,,2021-10-08,,Navdeep Singh,Royal Challengers Bangalore,Dubai,6,,56.0,Prakash Bhatt,Delhi Capitals,,,male,Royal Challengers Bangalore,7.0,Royal Challengers Bangalore,field,,K Srinivasan,2021,KN Ananthapadmanabhan,Indian Premier League,,KS Bharat,1254101
"Zayed Cricket Stadium, Abu Dhabi",VK Sharma,42.0,2021-10-08,,UV Gandhe,Mumbai Indians,Abu Dhabi,6,,55.0,V Narayan Kutty,Mumbai Indians,,,male,Sunrisers Hyderabad,,Mumbai Indians,bat,,,2021,Tapan Sharma,Indian Premier League,,Ishan Kishan,1254088
Dubai International Cricket Stadium,RK Illingworth,,2021-10-10,,KN Ananthapadmanabhan,Chennai Super Kings,Dubai,6,,,J Srinath,Delhi Capitals,,,male,Chennai Super Kings,4.0,Chennai Super Kings,field,,MA Gough,2021,Nitin Menon,Indian Premier League,,RD Gaikwad,1254114
Sharjah Cricket Stadium,VK Sharma,,2021-10-11,,S Ravi,Kolkata Knight Riders,Sharjah,6,,,M Nayyar,Royal Challengers Bangalore,,,male,Kolkata Knight Riders,4.0,Royal Challengers Bangalore,bat,,AK Chaudhary,2021,CB Gaffaney,Indian Premier League,,SP Narine,1254115
Sharjah Cricket Stadium,MA Gough,,2021-10-13,,AK Chaudhary,Kolkata Knight Riders,Sharjah,6,,,M Nayyar,Delhi Capitals,,,male,Kolkata Knight Riders,3.0,Kolkata Knight Riders,field,,CB Gaffaney,2021,KN Ananthapadmanabhan,Indian Premier League,,VR Iyer,1254116
Dubai International Cricket Stadium,RK Illingworth,27.0,2021-10-15,,VK Sharma,Chennai Super Kings,Dubai,6,,,J Srinath,Chennai Super Kings,,,male,Kolkata Knight Riders,,Kolkata Knight Riders,field,,S Ravi,2021,Nitin Menon,Indian Premier League,,F du Plessis,1254117
"Wankhede Stadium, Mumbai",Nitin Menon,,2022-03-26,,Chirra Ravikanthreddy,Kolkata Knight Riders,Mumbai,6,,1.0,M Nayyar,Chennai Super Kings,,,male,Kolkata Knight Riders,6.0,Kolkata Knight Riders,field,,VK Sharma,2022,AK Chaudhary,Indian Premier League,,UT Yadav,1304047
"Brabourne Stadium, Mumbai",HAS Khalid,,2022-03-27,,N Pandit,Delhi Capitals,Mumbai,6,,2.0,Prakash Bhatt,Mumbai Indians,,,male,Delhi Capitals,4.0,Delhi Capitals,field,,J Madanagopal,2022,RJ Tucker,Indian Premier League,,Kuldeep Yadav,1304048
"Dr DY Patil Sports Academy, Mumbai",YC Barde,,2022-03-27,,R Pandit,Punjab Kings,Mumbai,6,,3.0,M Nayyar,Royal Challengers Bangalore,,,male,Punjab Kings,5.0,Punjab Kings,field,,AK Chaudhary,2022,Nitin Menon,Indian Premier League,,OF Smith,1304049
"Wankhede Stadium, Mumbai",VK Sharma,,2022-03-28,,GR Sadashiv Iyer,Gujarat Titans,Mumbai,6,,4.0,DS Manohar,Lucknow Super Giants,,,male,Gujarat Titans,5.0,Gujarat Titans,field,,RJ Tucker,2022,PG Pathak,Indian Premier League,,Mohammed Shami,1304050
"Maharashtra Cricket Association Stadium, Pune",UV Gandhe,61.0,2022-03-29,,MV Saidharshan Kumar,Rajasthan Royals,Pune,6,,5.0,Shakti Singh,Rajasthan Royals,,,male,Sunrisers Hyderabad,,Sunrisers Hyderabad,field,,KN Ananthapadmanabhan,2022,BNJ Oxenford,Indian Premier League,,SV Samson,1304051
"Dr DY Patil Sports Academy, Mumbai",Navdeep Singh,,2022-03-30,,Chirra Ravikanthreddy,Royal Challengers Bangalore,Mumbai,6,,6.0,M Nayyar,Kolkata Knight Riders,,,male,Royal Challengers Bangalore,3.0,Royal Challengers Bangalore,field,,Nitin Menon,2022,J Madanagopal,Indian Premier League,,PWH de Silva,1304052
"Brabourne Stadium, Mumbai",VK Sharma,,2022-03-31,,NA Patwardhan,Lucknow Super Giants,Mumbai,6,,7.0,J Srinath,Chennai Super Kings,,,male,Lucknow Super Giants,6.0,Lucknow Super Giants,field,,YC Barde,2022,RJ Tucker,Indian Premier League,,E Lewis,1304053
"Wankhede Stadium, Mumbai",HAS Khalid,,2022-04-01,,A Totre,Kolkata Knight Riders,Mumbai,6,,8.0,Prakash Bhatt,Punjab Kings,,,male,Kolkata Knight Riders,6.0,Kolkata Knight Riders,field,,J Madanagopal,2022,AK Chaudhary,Indian Premier League,,UT Yadav,1304054
"Dr DY Patil Sports Academy, Mumbai",PG Pathak,23.0,2022-04-02,,N Pandit,Rajasthan Royals,Mumbai,6,,9.0,DS Manohar,Rajasthan Royals,,,male,Mumbai Indians,,Mumbai Indians,field,,VK Sharma,2022,Nitin Menon,Indian Premier League,,JC Buttler,1304055
"Maharashtra Cricket Association Stadium, Pune",UV Gandhe,14.0,2022-04-02,,Vinod Seshan,Gujarat Titans,Pune,6,,10.0,Shakti Singh,Gujarat Titans,,,male,Delhi Capitals,,Delhi Capitals,field,,BNJ Oxenford,2022,KN Ananthapadmanabhan,Indian Premier League,,LH Ferguson,1304056
"Brabourne Stadium, Mumbai",YC Barde,54.0,2022-04-03,,R Pandit,Punjab Kings,Mumbai,6,,11.0,J Srinath,Punjab Kings,,,male,Chennai Super Kings,,Chennai Super Kings,field,,AK Chaudhary,2022,RJ Tucker,Indian Premier League,,LS Livingstone,1304057
"Dr DY Patil Sports Academy, Mumbai",Navdeep Singh,12.0,2022-04-04,,GR Sadashiv Iyer,Lucknow Super Giants,Mumbai,6,,12.0,M Nayyar,Lucknow Super Giants,,,male,Sunrisers Hyderabad,,Sunrisers Hyderabad,field,,VK Sharma,2022,J Madanagopal,Indian Premier League,,Avesh Khan,1304058
"Wankhede Stadium, Mumbai",HAS Khalid,,2022-04-05,,NA Patwardhan,Royal Challengers Bangalore,Mumbai,6,,13.0,Prakash Bhatt,Rajasthan Royals,,,male,Royal Challengers Bangalore,4.0,Royal Challengers Bangalore,field,,Nitin Menon,2022,AK Chaudhary,Indian Premier League,,KD Karthik,1304059
"Maharashtra Cricket Association Stadium, Pune",KN Ananthapadmanabhan,,2022-04-06,,MV Saidharshan Kumar,Kolkata Knight Riders,Pune,6,,14.0,V Narayan Kutty,Mumbai Indians,,,male,Kolkata Knight Riders,5.0,Kolkata Knight Riders,field,,UV Gandhe,2022,BNJ Oxenford,Indian Premier League,,PJ Cummins,1304060
"Dr DY Patil Sports Academy, Mumbai",Tapan Sharma,,2022-04-07,,A Totre,Lucknow Super Giants,Mumbai,6,,15.0,Shakti Singh,Delhi Capitals,,,male,Lucknow Super Giants,6.0,Lucknow Super Giants,field,,J Madanagopal,2022,RJ Tucker,Indian Premier League,,Q de Kock,1304061
"Brabourne Stadium, Mumbai",VK Sharma,,2022-04-08,,Chirra Ravikanthreddy,Gujarat Titans,Mumbai,6,,16.0,J Srinath,Punjab Kings,,,male,Gujarat Titans,6.0,Gujarat Titans,field,,PG Pathak,2022,AK Chaudhary,Indian Premier League,,Shubman Gill,1304062
"Dr DY Patil Sports Academy, Mumbai",Nitin Menon,,2022-04-09,,N Pandit,Sunrisers Hyderabad,Mumbai,6,,17.0,J Srinath,Chennai Super Kings,,,male,Sunrisers Hyderabad,8.0,Sunrisers Hyderabad,field,,YC Barde,2022,Navdeep Singh,Indian Premier League,,Abhishek Sharma,1304063
"Maharashtra Cricket Association Stadium, Pune",KN Ananthapadmanabhan,,2022-04-09,,Vinod Seshan,Royal Challengers Bangalore,Pune,6,,18.0,V Narayan Kutty,Mumbai Indians,,,male,Royal Challengers Bangalore,7.0,Royal Challengers Bangalore,field,,UV Gandhe,2022,BNJ Oxenford,Indian Premier League,,Anuj Rawat,1304064
"Brabourne Stadium, Mumbai",J Madanagopal,44.0,2022-04-10,,R Pandit,Delhi Capitals,Mumbai,6,,19.0,Prakash Bhatt,Delhi Capitals,,,male,Kolkata Knight Riders,,Kolkata Knight Riders,field,,HAS Khalid,2022,CB Gaffaney,Indian Premier League,,Kuldeep Yadav,1304065
"Wankhede Stadium, Mumbai",Tapan Sharma,3.0,2022-04-10,,GR Sadashiv Iyer,Rajasthan Royals,Mumbai,6,,20.0,J Srinath,Rajasthan Royals,,,male,Lucknow Super Giants,,Lucknow Super Giants,field,,PG Pathak,2022,AK Chaudhary,Indian Premier League,,YS Chahal,1304066
"Dr DY Patil Sports Academy, Mumbai",RJ Tucker,,2022-04-11,,NA Patwardhan,Sunrisers Hyderabad,Mumbai,6,,21.0,DS Manohar,Gujarat Titans,,,male,Sunrisers Hyderabad,8.0,Sunrisers Hyderabad,field,,VK Sharma,2022,Chirra Ravikanthreddy,Indian Premier League,,KS Williamson,1304067
"Dr DY Patil Sports Academy, Mumbai",N Pandit,23.0,2022-04-12,,A Totre,Chennai Super Kings,Mumbai,6,,22.0,J Srinath,Chennai Super Kings,,,male,Royal Challengers Bangalore,,Royal Challengers Bangalore,field,,YC Barde,2022,Nitin Menon,Indian Premier League,,S Dube,1304068
"Maharashtra Cricket Association Stadium, Pune",UV Gandhe,12.0,2022-04-13,,MV Saidharshan Kumar,Punjab Kings,Pune,6,,23.0,V Narayan Kutty,Punjab Kings,,,male,Mumbai Indians,,Mumbai Indians,field,,KN Ananthapadmanabhan,2022,BNJ Oxenford,Indian Premier League,,MA Agarwal,1304069
"Dr DY Patil Sports Academy, Mumbai",R Pandit,37.0,2022-04-14,,Tapan Sharma,Gujarat Titans,Mumbai,6,,24.0,M Nayyar,Gujarat Titans,,,male,Rajasthan Royals,,Rajasthan Royals,field,,J Madanagopal,2022,CB Gaffaney,Indian Premier League,,HH Pandya,1304070
"Brabourne Stadium, Mumbai",VK Sharma,,2022-04-15,,PG Pathak,Sunrisers Hyderabad,Mumbai,6,,25.0,Prakash Bhatt,Kolkata Knight Riders,,,male,Sunrisers Hyderabad,7.0,Sunrisers Hyderabad,field,,HAS Khalid,2022,GR Sadashiv Iyer,Indian Premier League,,RA Tripathi,1304071
"Brabourne Stadium, Mumbai",NA Patwardhan,18.0,2022-04-16,,YC Barde,Lucknow Super Giants,Mumbai,6,,26.0,Shakti Singh,Lucknow Super Giants,,,male,Mumbai Indians,,Mumbai Indians,field,,Navdeep Singh,2022,AK Chaudhary,Indian Premier League,,KL Rahul,1304072
"Wankhede Stadium, Mumbai",J Madanagopal,16.0,2022-04-16,,N Pandit,Royal Challengers Bangalore,Mumbai,6,,27.0,J Srinath,Royal Challengers Bangalore,,,male,Delhi Capitals,,Delhi Capitals,field,,CB Gaffaney,2022,Chirra Ravikanthreddy,Indian Premier League,,KD Karthik,1304073
"Dr DY Patil Sports Academy, Mumbai",R Pandit,,2022-04-17,,A Totre,Sunrisers Hyderabad,Mumbai,6,,28.0,DS Manohar,Punjab Kings,,,male,Sunrisers Hyderabad,7.0,Sunrisers Hyderabad,field,,RJ Tucker,2022,PG Pathak,Indian Premier League,,Umran Malik,1304074
"Maharashtra Cricket Association Stadium, Pune",UV Gandhe,,2022-04-17,,Vinod Seshan,Gujarat Titans,Pune,6,,29.0,V Narayan Kutty,Chennai Super Kings,,,male,Gujarat Titans,3.0,Gujarat Titans,field,,BNJ Oxenford,2022,KN Ananthapadmanabhan,Indian Premier League,,DA Miller,1304075
"Brabourne Stadium, Mumbai",VK Sharma,7.0,2022-04-18,,NA Patwardhan,Rajasthan Royals,Mumbai,6,,30.0,M Nayyar,Rajasthan Royals,,,male,Kolkata Knight Riders,,Kolkata Knight Riders,field,,Nitin Menon,2022,GR Sadashiv Iyer,Indian Premier League,,YS Chahal,1304076
"Dr DY Patil Sports Academy, Mumbai",N Pandit,18.0,2022-04-19,,Chirra Ravikanthreddy,Royal Challengers Bangalore,Mumbai,6,,31.0,Prakash Bhatt,Royal Challengers Bangalore,,,male,Lucknow Super Giants,,Lucknow Super Giants,field,,J Madanagopal,2022,CB Gaffaney,Indian Premier League,,F du Plessis,1304077
"Brabourne Stadium, Mumbai",Tapan Sharma,,2022-04-20,,R Pandit,Delhi Capitals,Mumbai,6,,32.0,Shakti Singh,Punjab Kings,,,male,Delhi Capitals,9.0,Delhi Capitals,field,,AK Chaudhary,2022,RJ Tucker,Indian Premier League,,Kuldeep Yadav,1304078
"Dr DY Patil Sports Academy, Mumbai",UV Gandhe,,2022-04-21,,MV Saidharshan Kumar,Chennai Super Kings,Navi Mumbai,6,,33.0,V Narayan Kutty,Mumbai Indians,,,male,Chennai Super Kings,3.0,Chennai Super Kings,field,,KN Ananthapadmanabhan,2022,BNJ Oxenford,Indian Premier League,,Mukesh Choudhary,1304079
"Wankhede Stadium, Mumbai",Nitin Menon,15.0,2022-04-22,,GR Sadashiv Iyer,Rajasthan Royals,Mumbai,6,,34.0,DS Manohar,Rajasthan Royals,,,male,Delhi Capitals,,Delhi Capitals,field,,YC Barde,2022,NA Patwardhan,Indian Premier League,,JC Buttler,1304080
"Dr DY Patil Sports Academy, Mumbai",UV Gandhe,8.0,2022-04-23,,Vinod Seshan,Gujarat Titans,Navi Mumbai,6,,35.0,V Narayan Kutty,Gujarat Titans,,,male,Kolkata Knight Riders,,Gujarat Titans,bat,,BNJ Oxenford,2022,KN Ananthapadmanabhan,Indian Premier League,,Rashid Khan,1304081
"Brabourne Stadium, Mumbai",J Madanagopal,,2022-04-23,,HAS Khalid,Sunrisers Hyderabad,Mumbai,6,,36.0,M Nayyar,Royal Challengers Bangalore,,,male,Sunrisers Hyderabad,9.0,Sunrisers Hyderabad,field,,CB Gaffaney,2022,Chirra Ravikanthreddy,Indian Premier League,,M Jansen,1304082
"Wankhede Stadium, Mumbai",HAS Khalid,36.0,2022-04-24,,N Pandit,Lucknow Super Giants,Mumbai,6,,37.0,Shakti Singh,Lucknow Super Giants,,,male,Mumbai Indians,,Mumbai Indians,field,,VK Sharma,2022,M Erasmus,Indian Premier League,,KL Rahul,1304083
"Wankhede Stadium, Mumbai",Tapan Sharma,11.0,2022-04-25,,R Pandit,Punjab Kings,Mumbai,6,,38.0,Prakash Bhatt,Punjab Kings,,,male,Chennai Super Kings,,Chennai Super Kings,field,,PG Pathak,2022,M Erasmus,Indian Premier League,,S Dhawan,1304084
"Maharashtra Cricket Association Stadium, Pune",KN Ananthapadmanabhan,29.0,2022-04-26,,MV Saidharshan Kumar,Rajasthan Royals,Pune,6,,39.0,V Narayan Kutty,Rajasthan Royals,,,male,Royal Challengers Bangalore,,Royal Challengers Bangalore,field,,UV Gandhe,2022,BNJ Oxenford,Indian Premier League,,R Parag,1304085
"Wankhede Stadium, Mumbai",Navdeep Singh,,2022-04-27,,GR Sadashiv Iyer,Gujarat Titans,Mumbai,6,,40.0,Shakti Singh,Sunrisers Hyderabad,,,male,Gujarat Titans,5.0,Gujarat Titans,field,,J Madanagopal,2022,CB Gaffaney,Indian Premier League,,Umran Malik,1304086
"Wankhede Stadium, Mumbai",PG Pathak,,2022-04-28,,A Totre,Delhi Capitals,Mumbai,6,,41.0,DS Manohar,Kolkata Knight Riders,,,male,Delhi Capitals,4.0,Delhi Capitals,field,,Nitin Menon,2022,AK Chaudhary,Indian Premier League,,Kuldeep Yadav,1304087
"Maharashtra Cricket Association Stadium, Pune",UV Gandhe,20.0,2022-04-29,,Vinod Seshan,Lucknow Super Giants,Pune,6,,42.0,V Narayan Kutty,Lucknow Super Giants,,,male,Punjab Kings,,Punjab Kings,field,,KN Ananthapadmanabhan,2022,MA Gough,Indian Premier League,,KH Pandya,1304088
"Brabourne Stadium, Mumbai",VK Sharma,,2022-04-30,,Chirra Ravikanthreddy,Gujarat Titans,Mumbai,6,,43.0,Shakti Singh,Royal Challengers Bangalore,,,male,Gujarat Titans,6.0,Royal Challengers Bangalore,bat,,Nitin Menon,2022,HAS Khalid,Indian Premier League,,R Tewatia,1304089
"Dr DY Patil Sports Academy, Mumbai",YC Barde,,2022-04-30,,Tapan Sharma,Mumbai Indians,Navi Mumbai,6,,44.0,M Nayyar,Rajasthan Royals,,,male,Mumbai Indians,5.0,Mumbai Indians,field,,Navdeep Singh,2022,BNJ Oxenford,Indian Premier League,,SA Yadav,1304090
"Wankhede Stadium, Mumbai",CB Gaffaney,6.0,2022-05-01,,A Totre,Lucknow Super Giants,Mumbai,6,,45.0,Prakash Bhatt,Lucknow Super Giants,,,male,Delhi Capitals,,Lucknow Super Giants,bat,,PG Pathak,2022,Chirra Ravikanthreddy,Indian Premier League,,Mohsin Khan (2),1304091
"Maharashtra Cricket Association Stadium, Pune",KN Ananthapadmanabhan,13.0,2022-05-01,,MV Saidharshan Kumar,Chennai Super Kings,Pune,6,,46.0,V Narayan Kutty,Chennai Super Kings,,,male,Sunrisers Hyderabad,,Sunrisers Hyderabad,field,,MA Gough,2022,AK Chaudhary,Indian Premier League,,RD Gaikwad,1304092
"Wankhede Stadium, Mumbai",N Pandit,,2022-05-02,,Tapan Sharma,Kolkata Knight Riders,Mumbai,6,,47.0,Shakti Singh,Rajasthan Royals,,,male,Kolkata Knight Riders,7.0,Kolkata Knight Riders,field,,CB Gaffaney,2022,J Madanagopal,Indian Premier League,,RK Singh,1304093
"Dr DY Patil Sports Academy, Mumbai",VK Sharma,,2022-05-03,,UV Gandhe,Punjab Kings,Navi Mumbai,6,,48.0,DS Manohar,Gujarat Titans,,,male,Punjab Kings,8.0,Gujarat Titans,bat,,HAS Khalid,2022,R Pandit,Indian Premier League,,K Rabada,1304094
"Maharashtra Cricket Association Stadium, Pune",MA Gough,13.0,2022-05-04,,Vinod Seshan,Royal Challengers Bangalore,Pune,6,,49.0,V Narayan Kutty,Royal Challengers Bangalore,,,male,Chennai Super Kings,,Chennai Super Kings,field,,AK Chaudhary,2022,KN Ananthapadmanabhan,Indian Premier League,,HV Patel,1304095
"Brabourne Stadium, Mumbai",NA Patwardhan,21.0,2022-05-05,,N Pandit,Delhi Capitals,Mumbai,6,,50.0,Shakti Singh,Delhi Capitals,,,male,Sunrisers Hyderabad,,Sunrisers Hyderabad,field,,Nitin Menon,2022,Navdeep Singh,Indian Premier League,,DA Warner,1304096
"Brabourne Stadium, Mumbai",GR Sadashiv Iyer,5.0,2022-05-06,,R Pandit,Mumbai Indians,Mumbai,6,,51.0,M Nayyar,Mumbai Indians,,,male,Gujarat Titans,,Gujarat Titans,field,,BNJ Oxenford,2022,J Madanagopal,Indian Premier League,,TH David,1304097
"Maharashtra Cricket Association Stadium, Pune",MA Gough,75.0,2022-05-07,,MV Saidharshan Kumar,Lucknow Super Giants,Pune,6,,53.0,V Narayan Kutty,Lucknow Super Giants,,,male,Kolkata Knight Riders,,Kolkata Knight Riders,field,,KN Ananthapadmanabhan,2022,AK Chaudhary,Indian Premier League,,Avesh Khan,1304099
"Wankhede Stadium, Mumbai",YC Barde,,2022-05-07,,UV Gandhe,Rajasthan Royals,Mumbai,6,,52.0,Prakash Bhatt,Punjab Kings,,,male,Rajasthan Royals,6.0,Punjab Kings,bat,,CB Gaffaney,2022,Chirra Ravikanthreddy,Indian Premier League,,YBK Jaiswal,1304098
"Wankhede Stadium, Mumbai",N Pandit,67.0,2022-05-08,,A Totre,Royal Challengers Bangalore,Mumbai,6,,54.0,Shakti Singh,Royal Challengers Bangalore,,,male,Sunrisers Hyderabad,,Royal Challengers Bangalore,bat,,PG Pathak,2022,BNJ Oxenford,Indian Premier League,,PWH de Silva,1304100
"Dr DY Patil Sports Academy, Mumbai",R Pandit,91.0,2022-05-08,,Tapan Sharma,Chennai Super Kings,Navi Mumbai,6,,55.0,M Nayyar,Chennai Super Kings,,,male,Delhi Capitals,,Delhi Capitals,field,,HAS Khalid,2022,Nitin Menon,Indian Premier League,,DP Conway,1304101
"Dr DY Patil Sports Academy, Mumbai",GR Sadashiv Iyer,52.0,2022-05-09,,Chirra Ravikanthreddy,Kolkata Knight Riders,Navi Mumbai,6,,56.0,Prakash Bhatt,Kolkata Knight Riders,,,male,Mumbai Indians,,Mumbai Indians,field,,BNJ Oxenford,2022,CB Gaffaney,Indian Premier League,,JJ Bumrah,1304102
"Maharashtra Cricket Association Stadium, Pune",MA Gough,62.0,2022-05-10,,Vinod Seshan,Gujarat Titans,Pune,6,,57.0,V Narayan Kutty,Gujarat Titans,,,male,Lucknow Super Giants,,Gujarat Titans,bat,,AK Chaudhary,2022,KN Ananthapadmanabhan,Indian Premier League,,Shubman Gill,1304103
"Dr DY Patil Sports Academy, Mumbai",Nitin Menon,,2022-05-11,,Tapan Sharma,Delhi Capitals,Navi Mumbai,6,,58.0,M Nayyar,Rajasthan Royals,,,male,Delhi Capitals,8.0,Delhi Capitals,field,,VK Sharma,2022,NA Patwardhan,Indian Premier League,,MR Marsh,1304104
"Wankhede Stadium, Mumbai",CB Gaffaney,,2022-05-12,,A Totre,Mumbai Indians,Mumbai,6,,59.0,Shakti Singh,Chennai Super Kings,,,male,Mumbai Indians,5.0,Mumbai Indians,field,,Nitin Menon,2022,Chirra Ravikanthreddy,Indian Premier League,,DR Sams,1304105
"Brabourne Stadium, Mumbai",N Pandit,54.0,2022-05-13,,Vinod Seshan,Punjab Kings,Mumbai,6,,60.0,J Srinath,Punjab Kings,,,male,Royal Challengers Bangalore,,Royal Challengers Bangalore,field,,Navdeep Singh,2022,J Madanagopal,Indian Premier League,,JM Bairstow,1304106
"Maharashtra Cricket Association Stadium, Pune",KN Ananthapadmanabhan,54.0,2022-05-14,,MV Saidharshan Kumar,Kolkata Knight Riders,Pune,6,,61.0,V Narayan Kutty,Kolkata Knight Riders,,,male,Sunrisers Hyderabad,,Kolkata Knight Riders,bat,,MA Gough,2022,AK Chaudhary,Indian Premier League,,AD Russell,1304107
"Wankhede Stadium, Mumbai",VK Sharma,,2022-05-15,,NA Patwardhan,Gujarat Titans,Mumbai,6,,62.0,J Srinath,Chennai Super Kings,,,male,Gujarat Titans,7.0,Chennai Super Kings,bat,,CB Gaffaney,2022,R Pandit,Indian Premier League,,WP Saha,1304108
"Brabourne Stadium, Mumbai",Tapan Sharma,24.0,2022-05-15,,YC Barde,Rajasthan Royals,Mumbai,6,,63.0,Prakash Bhatt,Rajasthan Royals,,,male,Lucknow Super Giants,,Rajasthan Royals,bat,,BNJ Oxenford,2022,PG Pathak,Indian Premier League,,TA Boult,1304109
"Dr DY Patil Sports Academy, Mumbai",Nitin Menon,17.0,2022-05-16,,Navdeep Singh,Delhi Capitals,Navi Mumbai,6,,64.0,Prakash Bhatt,Delhi Capitals,,,male,Punjab Kings,,Punjab Kings,field,,MA Gough,2022,GR Sadashiv Iyer,Indian Premier League,,SN Thakur,1304110
"Wankhede Stadium, Mumbai",N Pandit,3.0,2022-05-17,,HAS Khalid,Sunrisers Hyderabad,Mumbai,6,,65.0,J Srinath,Sunrisers Hyderabad,,,male,Mumbai Indians,,Mumbai Indians,field,,Navdeep Singh,2022,CB Gaffaney,Indian Premier League,,RA Tripathi,1304111
"Dr DY Patil Sports Academy, Mumbai",YC Barde,2.0,2022-05-18,,NA Patwardhan,Lucknow Super Giants,Navi Mumbai,6,,66.0,M Nayyar,Lucknow Super Giants,,,male,Kolkata Knight Riders,,Lucknow Super Giants,bat,,BNJ Oxenford,2022,R Pandit,Indian Premier League,,Q de Kock,1304112
"Wankhede Stadium, Mumbai",GR Sadashiv Iyer,,2022-05-19,,Tapan Sharma,Royal Challengers Bangalore,Mumbai,6,,67.0,J Srinath,Gujarat Titans,,,male,Royal Challengers Bangalore,8.0,Gujarat Titans,bat,,Navdeep Singh,2022,KN Ananthapadmanabhan,Indian Premier League,,V Kohli,1304113
"Brabourne Stadium, Mumbai",NA Patwardhan,,2022-05-20,,PG Pathak,Rajasthan Royals,Mumbai,6,,68.0,M Nayyar,Chennai Super Kings,,,male,Rajasthan Royals,5.0,Chennai Super Kings,bat,,YC Barde,2022,CB Gaffaney,Indian Premier League,,R Ashwin,1304114
"Wankhede Stadium, Mumbai",Tapan Sharma,,2022-05-21,,GR Sadashiv Iyer,Mumbai Indians,Mumbai,6,,69.0,J Srinath,Delhi Capitals,,,male,Mumbai Indians,5.0,Mumbai Indians,field,,HAS Khalid,2022,Nitin Menon,Indian Premier League,,JJ Bumrah,1304115
"Wankhede Stadium, Mumbai",NA Patwardhan,,2022-05-22,,Navdeep Singh,Punjab Kings,Mumbai,6,,70.0,J Srinath,Sunrisers Hyderabad,,,male,Punjab Kings,5.0,Sunrisers Hyderabad,bat,,CB Gaffaney,2022,AK Chaudhary,Indian Premier League,,Harpreet Brar,1304116
"Eden Gardens, Kolkata",VK Sharma,,2022-05-24,,J Madanagopal,Gujarat Titans,Kolkata,6,,,M Nayyar,Rajasthan Royals,,,male,Gujarat Titans,7.0,Gujarat Titans,field,,MA Gough,2022,BNJ Oxenford,Indian Premier League,,DA Miller,1312197
"Eden Gardens, Kolkata",MA Gough,14.0,2022-05-25,,VK Sharma,Royal Challengers Bangalore,Kolkata,6,,,M Nayyar,Royal Challengers Bangalore,,,male,Lucknow Super Giants,,Lucknow Super Giants,field,,BNJ Oxenford,2022,J Madanagopal,Indian Premier League,,RM Patidar,1312198
"Narendra Modi Stadium, Ahmedabad",Nitin Menon,,2022-05-27,,KN Ananthapadmanabhan,Rajasthan Royals,Ahmedabad,6,,,J Srinath,Royal Challengers Bangalore,,,male,Rajasthan Royals,7.0,Rajasthan Royals,field,,AK Chaudhary,2022,CB Gaffaney,Indian Premier League,,JC Buttler,1312199
"Narendra Modi Stadium, Ahmedabad",Nitin Menon,,2022-05-29,,AK Chaudhary,Gujarat Titans,Ahmedabad,6,,,J Srinath,Rajasthan Royals,,,male,Gujarat Titans,7.0,Rajasthan Royals,bat,,KN Ananthapadmanabhan,2022,CB Gaffaney,Indian Premier League,,HH Pandya,1312200
"Narendra Modi Stadium, Ahmedabad",HAS Khalid,,2023-03-31,,A Bengeri,Gujarat Titans,Ahmedabad,6,,1.0,J Srinath,Chennai Super Kings,,,male,Gujarat Titans,5.0,Gujarat Titans,field,,VK Sharma,2023,Nitin Menon,Indian Premier League,,Rashid Khan,1359475
"Punjab Cricket Association IS Bindra Stadium, Mohali, Chandigarh",YC Barde,7.0,2023-04-01,,PM Joshi,Punjab Kings,Chandigarh,6,,2.0,M Nayyar,Punjab Kings,,,male,Kolkata Knight Riders,,Kolkata Knight Riders,field,,J Madanagopal,2023,BNJ Oxenford,Indian Premier League,,Arshdeep Singh,1359476
"Bharat Ratna Shri Atal Bihari Vajpayee Ekana Cricket Stadium, Lucknow",NA Patwardhan,50.0,2023-04-01,,M Kuppuraj,Lucknow Super Giants,Lucknow,6,,3.0,DS Manohar,Lucknow Super Giants,,,male,Delhi Capitals,,Delhi Capitals,field,,GR Sadashiv Iyer,2023,AK Chaudhary,Indian Premier League,,MA Wood,1359477
"M Chinnaswamy Stadium, Bengaluru",Tapan Sharma,,2023-04-02,,A Bengeri,Royal Challengers Bangalore,Bengaluru,6,,5.0,J Srinath,Mumbai Indians,,,male,Royal Challengers Bangalore,8.0,Royal Challengers Bangalore,field,,VK Sharma,2023,Nitin Menon,Indian Premier League,,F du Plessis,1359479
"Rajiv Gandhi International Stadium, Uppal, Hyderabad",R Pandit,72.0,2023-04-02,,Abhijit Bhattacharya,Rajasthan Royals,Hyderabad,6,,4.0,V Narayan Kutty,Rajasthan Royals,,,male,Sunrisers Hyderabad,,Sunrisers Hyderabad,field,,Navdeep Singh,2023,KN Ananthapadmanabhan,Indian Premier League,,JC Buttler,1359478
"MA Chidambaram Stadium, Chepauk, Chennai",BNJ Oxenford,12.0,2023-04-03,,PM Joshi,Chennai Super Kings,Chennai,6,,6.0,M Nayyar,Chennai Super Kings,,,male,Lucknow Super Giants,,Lucknow Super Giants,field,,UV Gandhe,2023,A Totre,Indian Premier League,,MM Ali,1359480
"Arun Jaitley Stadium, Delhi",GR Sadashiv Iyer,,2023-04-04,,M Kuppuraj,Gujarat Titans,Delhi,6,,7.0,DS Manohar,Delhi Capitals,,,male,Gujarat Titans,6.0,Gujarat Titans,field,,AK Chaudhary,2023,A Nand Kishore,Indian Premier League,,B Sai Sudharsan,1359481
"Barsapara Cricket Stadium, Guwahati",MV Saidharshan Kumar,5.0,2023-04-05,,Abhijit Bhattacharya,Punjab Kings,Guwahati,6,,8.0,V Narayan Kutty,Punjab Kings,,,male,Rajasthan Royals,,Rajasthan Royals,field,,R Pandit,2023,KN Ananthapadmanabhan,Indian Premier League,,NT Ellis,1359482
"Eden Gardens, Kolkata",VK Sharma,81.0,2023-04-06,,A Bengeri,Kolkata Knight Riders,Kolkata,6,,9.0,Shakti Singh,Kolkata Knight Riders,,,male,Royal Challengers Bangalore,,Royal Challengers Bangalore,field,,Nitin Menon,2023,Vinod Seshan,Indian Premier League,,SN Thakur,1359483
"Bharat Ratna Shri Atal Bihari Vajpayee Ekana Cricket Stadium, Lucknow",YC Barde,,2023-04-07,,PM Joshi,Lucknow Super Giants,Lucknow,6,,10.0,M Nayyar,Sunrisers Hyderabad,,,male,Lucknow Super Giants,5.0,Sunrisers Hyderabad,bat,,BNJ Oxenford,2023,J Madanagopal,Indian Premier League,,KH Pandya,1359484
"Barsapara Cricket Stadium, Guwahati",MV Saidharshan Kumar,57.0,2023-04-08,,Abhijit Bhattacharya,Rajasthan Royals,Guwahati,6,,11.0,V Narayan Kutty,Rajasthan Royals,,,male,Delhi Capitals,,Delhi Capitals,field,,KN Ananthapadmanabhan,2023,Navdeep Singh,Indian Premier League,,YBK Jaiswal,1359485
"Wankhede Stadium, Mumbai",NA Patwardhan,,2023-04-08,,M Kuppuraj,Chennai Super Kings,Mumbai,6,,12.0,DS Manohar,Mumbai Indians,,,male,Chennai Super Kings,7.0,Chennai Super Kings,field,,AK Chaudhary,2023,CB Gaffaney,Indian Premier League,,RA Jadeja,1359486
"Narendra Modi Stadium, Ahmedabad",Tapan Sharma,,2023-04-09,,A Bengeri,Kolkata Knight Riders,Ahmedabad,6,,13.0,J Srinath,Gujarat Titans,,,male,Kolkata Knight Riders,3.0,Gujarat Titans,bat,,HAS Khalid,2023,Nitin Menon,Indian Premier League,,RK Singh,1359487
"Rajiv Gandhi International Stadium, Uppal, Hyderabad",UV Gandhe,,2023-04-09,,PM Joshi,Sunrisers Hyderabad,Hyderabad,6,,14.0,M Nayyar,Punjab Kings,,,male,Sunrisers Hyderabad,8.0,Sunrisers Hyderabad,field,,J Madanagopal,2023,BNJ Oxenford,Indian Premier League,,S Dhawan,1359488
"M Chinnaswamy Stadium, Bengaluru",A Nand Kishore,,2023-04-10,,M Kuppuraj,Lucknow Super Giants,Bengaluru,6,,15.0,DS Manohar,Royal Challengers Bangalore,,,male,Lucknow Super Giants,1.0,Lucknow Super Giants,field,,CB Gaffaney,2023,AK Chaudhary,Indian Premier League,,N Pooran,1359489
"Arun Jaitley Stadium, Delhi",R Pandit,,2023-04-11,,Abhijit Bhattacharya,Mumbai Indians,Delhi,6,,16.0,V Narayan Kutty,Delhi Capitals,,,male,Mumbai Indians,6.0,Mumbai Indians,field,,KN Ananthapadmanabhan,2023,MA Gough,Indian Premier League,,RG Sharma,1359490
"MA Chidambaram Stadium, Chepauk, Chennai",VK Sharma,3.0,2023-04-12,,A Bengeri,Rajasthan Royals,Chennai,6,,17.0,J Srinath,Rajasthan Royals,,,male,Chennai Super Kings,,Chennai Super Kings,field,,Nitin Menon,2023,Vinod Seshan,Indian Premier League,,R Ashwin,1359491
"Punjab Cricket Association IS Bindra Stadium, Mohali, Chandigarh",J Madanagopal,,2023-04-13,,PM Joshi,Gujarat Titans,Chandigarh,6,,18.0,R Seth,Punjab Kings,,,male,Gujarat Titans,6.0,Gujarat Titans,field,,BNJ Oxenford,2023,A Totre,Indian Premier League,,MM Sharma,1359492
"Eden Gardens, Kolkata",GR Sadashiv Iyer,23.0,2023-04-14,,M Kuppuraj,Sunrisers Hyderabad,Kolkata,6,,19.0,DS Manohar,Sunrisers Hyderabad,,,male,Kolkata Knight Riders,,Kolkata Knight Riders,field,,NA Patwardhan,2023,CB Gaffaney,Indian Premier League,,HC Brook,1359493
"M Chinnaswamy Stadium, Bengaluru",MV Saidharshan Kumar,23.0,2023-04-15,,Abhijit Bhattacharya,Royal Challengers Bangalore,Bengaluru,6,,20.0,Amit Sharma,Royal Challengers Bangalore,,,male,Delhi Capitals,,Delhi Capitals,field,,MA Gough,2023,KN Ananthapadmanabhan,Indian Premier League,,V Kohli,1359494
"Bharat Ratna Shri Atal Bihari Vajpayee Ekana Cricket Stadium, Lucknow",VK Sharma,,2023-04-15,,A Bengeri,Punjab Kings,Lucknow,6,,21.0,Shakti Singh,Lucknow Super Giants,,,male,Punjab Kings,2.0,Punjab Kings,field,,Tapan Sharma,2023,HAS Khalid,Indian Premier League,,Sikandar Raza,1359495
"Wankhede Stadium, Mumbai",UV Gandhe,,2023-04-16,,PM Joshi,Mumbai Indians,Mumbai,6,,22.0,R Seth,Kolkata Knight Riders,,,male,Mumbai Indians,5.0,Mumbai Indians,field,,J Madanagopal,2023,BNJ Oxenford,Indian Premier League,,VR Iyer,1359496
"Narendra Modi Stadium, Ahmedabad",CB Gaffaney,,2023-04-16,,M Kuppuraj,Rajasthan Royals,Ahmedabad,6,,23.0,Prakash Bhatt,Gujarat Titans,,,male,Rajasthan Royals,3.0,Rajasthan Royals,field,,A Nand Kishore,2023,AK Chaudhary,Indian Premier League,,SO Hetmyer,1359497
"M Chinnaswamy Stadium, Bengaluru",Navdeep Singh,8.0,2023-04-17,,Abhijit Bhattacharya,Chennai Super Kings,Bengaluru,6,,24.0,Amit Sharma,Chennai Super Kings,,,male,Royal Challengers Bangalore,,Royal Challengers Bangalore,field,,MA Gough,2023,KN Ananthapadmanabhan,Indian Premier League,,DP Conway,1359498
"Rajiv Gandhi International Stadium, Uppal, Hyderabad",Vinod Seshan,14.0,2023-04-18,,A Bengeri,Mumbai Indians,Hyderabad,6,,25.0,Shakti Singh,Mumbai Indians,,,male,Sunrisers Hyderabad,,Sunrisers Hyderabad,field,,VK Sharma,2023,Nitin Menon,Indian Premier League,,C Green,1359499
"Sawai Mansingh Stadium, Jaipur",YC Barde,10.0,2023-04-19,,PM Joshi,Lucknow Super Giants,Jaipur,6,,26.0,R Seth,Lucknow Super Giants,,,male,Rajasthan Royals,,Rajasthan Royals,field,,BNJ Oxenford,2023,J Madanagopal,Indian Premier League,,MP Stoinis,1359500
"Punjab Cricket Association IS Bindra Stadium, Mohali, Chandigarh",GR Sadashiv Iyer,24.0,2023-04-20,,M Kuppuraj,Royal Challengers Bangalore,Chandigarh,6,,27.0,Prakash Bhatt,Royal Challengers Bangalore,,,male,Punjab Kings,,Punjab Kings,field,,CB Gaffaney,2023,AK Chaudhary,Indian Premier League,,Mohammed Siraj,1359501
"Arun Jaitley Stadium, Delhi",R Pandit,,2023-04-20,,Abhijit Bhattacharya,Delhi Capitals,Delhi,6,,28.0,Amit Sharma,Kolkata Knight Riders,,,male,Delhi Capitals,4.0,Delhi Capitals,field,,KN Ananthapadmanabhan,2023,MA Gough,Indian Premier League,,I Sharma,1359502
"MA Chidambaram Stadium, Chepauk, Chennai",VK Sharma,,2023-04-21,,A Bengeri,Chennai Super Kings,Chennai,6,,29.0,Shakti Singh,Sunrisers Hyderabad,,,male,Chennai Super Kings,7.0,Chennai Super Kings,field,,Nitin Menon,2023,HAS Khalid,Indian Premier League,,RA Jadeja,1359503
"Bharat Ratna Shri Atal Bihari Vajpayee Ekana Cricket Stadium, Lucknow",RJ Tucker,7.0,2023-04-22,,PM Joshi,Gujarat Titans,Lucknow,6,,30.0,R Seth,Gujarat Titans,,,male,Lucknow Super Giants,,Gujarat Titans,bat,,J Madanagopal,2023,A Totre,Indian Premier League,,MM Sharma,1359504
"Wankhede Stadium, Mumbai",GR Sadashiv Iyer,13.0,2023-04-22,,M Kuppuraj,Punjab Kings,Mumbai,6,,31.0,Prakash Bhatt,Punjab Kings,,,male,Mumbai Indians,,Mumbai Indians,field,,AK Chaudhary,2023,CB Gaffaney,Indian Premier League,,SM Curran,1359505
"Eden Gardens, Kolkata",Tapan Sharma,49.0,2023-04-23,,A Bengeri,Chennai Super Kings,Kolkata,6,,33.0,Shakti Singh,Chennai Super Kings,,,male,Kolkata Knight Riders,,Kolkata Knight Riders,field,,VK Sharma,2023,Nitin Menon,Indian Premier League,,AM Rahane,1359507
"M Chinnaswamy Stadium, Bengaluru",MV Saidharshan Kumar,7.0,2023-04-23,,Abhijit Bhattacharya,Royal Challengers Bangalore,Bengaluru,6,,32.0,Amit Sharma,Royal Challengers Bangalore,,,male,Rajasthan Royals,,Rajasthan Royals,field,,Navdeep Singh,2023,MA Gough,Indian Premier League,,GJ Maxwell,1359506
"Rajiv Gandhi International Stadium, Uppal, Hyderabad",RJ Tucker,7.0,2023-04-24,,PM Joshi,Delhi Capitals,Hyderabad,6,,34.0,R Seth,Delhi Capitals,,,male,Sunrisers Hyderabad,,Delhi Capitals,bat,,UV Gandhe,2023,J Madanagopal,Indian Premier League,,AR Patel,1359508
"Narendra Modi Stadium, Ahmedabad",A Nand Kishore,55.0,2023-04-25,,M Krishnadas,Gujarat Titans,Ahmedabad,6,,35.0,SA Satbhai,Gujarat Titans,,,male,Mumbai Indians,,Mumbai Indians,field,,CB Gaffaney,2023,AK Chaudhary,Indian Premier League,,A Manohar,1359509
"M Chinnaswamy Stadium, Bengaluru",R Pandit,21.0,2023-04-26,,Abhijit Bhattacharya,Kolkata Knight Riders,Bengaluru,6,,36.0,Amit Sharma,Kolkata Knight Riders,,,male,Royal Challengers Bangalore,,Royal Challengers Bangalore,field,,MA Gough,2023,KN Ananthapadmanabhan,Indian Premier League,,CV Varun,1359510
"Sawai Mansingh Stadium, Jaipur",YC Barde,32.0,2023-04-27,,Mohamad Rafi,Rajasthan Royals,Jaipur,6,,37.0,M Nayyar,Rajasthan Royals,,,male,Chennai Super Kings,,Rajasthan Royals,bat,,RJ Tucker,2023,A Totre,Indian Premier League,,YBK Jaiswal,1359511
"Punjab Cricket Association IS Bindra Stadium, Mohali, Chandigarh",Vinod Seshan,56.0,2023-04-28,,VM Dhokre,Lucknow Super Giants,Chandigarh,6,,38.0,Shakti Singh,Lucknow Super Giants,,,male,Punjab Kings,,Punjab Kings,field,,HAS Khalid,2023,Nitin Menon,Indian Premier League,,MP Stoinis,1359512
"Eden Gardens, Kolkata",GR Sadashiv Iyer,,2023-04-29,,M Krishnadas,Gujarat Titans,Kolkata,6,,39.0,SA Satbhai,Kolkata Knight Riders,,,male,Gujarat Titans,7.0,Gujarat Titans,field,,CB Gaffaney,2023,NA Patwardhan,Indian Premier League,,J Little,1359513
"Arun Jaitley Stadium, Delhi",Navdeep Singh,9.0,2023-04-29,,P Joshi,Sunrisers Hyderabad,Delhi,6,,40.0,V Narayan Kutty,Sunrisers Hyderabad,,,male,Delhi Capitals,,Sunrisers Hyderabad,bat,,MV Saidharshan Kumar,2023,MA Gough,Indian Premier League,,MR Marsh,1359514
"MA Chidambaram Stadium, Chepauk, Chennai",UV Gandhe,,2023-04-30,,Mohamad Rafi,Punjab Kings,Chennai,6,,41.0,M Nayyar,Chennai Super Kings,,,male,Punjab Kings,4.0,Chennai Super Kings,bat,,YC Barde,2023,RJ Tucker,Indian Premier League,,DP Conway,1359515
"Wankhede Stadium, Mumbai",VK Sharma,,2023-04-30,,VM Dhokre,Mumbai Indians,Mumbai,6,,42.0,J Srinath,Rajasthan Royals,,,male,Mumbai Indians,6.0,Rajasthan Royals,bat,,Tapan Sharma,2023,Vinod Seshan,Indian Premier League,,YBK Jaiswal,1359516
"Bharat Ratna Shri Atal Bihari Vajpayee Ekana Cricket Stadium, Lucknow",GR Sadashiv Iyer,18.0,2023-05-01,,M Krishnadas,Royal Challengers Bangalore,Lucknow,6,,43.0,Prakash Bhatt,Royal Challengers Bangalore,,,male,Lucknow Super Giants,,Royal Challengers Bangalore,bat,,A Nand Kishore,2023,AK Chaudhary,Indian Premier League,,F du Plessis,1359517
"Narendra Modi Stadium, Ahmedabad",R Pandit,5.0,2023-05-02,,P Joshi,Delhi Capitals,Ahmedabad,6,,44.0,V Narayan Kutty,Delhi Capitals,,,male,Gujarat Titans,,Delhi Capitals,bat,,KN Ananthapadmanabhan,2023,MA Gough,Indian Premier League,,Mohammed Shami,1359518
"Punjab Cricket Association IS Bindra Stadium, Mohali, Chandigarh",RJ Tucker,,2023-05-03,,Mohamad Rafi,Mumbai Indians,Chandigarh,6,,46.0,SS Raul,Punjab Kings,,,male,Mumbai Indians,6.0,Mumbai Indians,field,,A Totre,2023,J Madanagopal,Indian Premier League,,Ishan Kishan,1359520
"Bharat Ratna Shri Atal Bihari Vajpayee Ekana Cricket Stadium, Lucknow",NA Patwardhan,,2023-05-03,,M Krishnadas,,Lucknow,6,no result,45.0,Prakash Bhatt,Lucknow Super Giants,,,male,Chennai Super Kings,,Chennai Super Kings,field,,CB Gaffaney,2023,AK Chaudhary,Indian Premier League,,,1359519
"Rajiv Gandhi International Stadium, Uppal, Hyderabad",MA Gough,5.0,2023-05-04,,P Joshi,Kolkata Knight Riders,Hyderabad,6,,47.0,V Narayan Kutty,Kolkata Knight Riders,,,male,Sunrisers Hyderabad,,Kolkata Knight Riders,bat,,MV Saidharshan Kumar,2023,KN Ananthapadmanabhan,Indian Premier League,,CV Varun,1359521
"Sawai Mansingh Stadium, Jaipur",VK Sharma,,2023-05-05,,VM Dhokre,Gujarat Titans,Jaipur,6,,48.0,J Srinath,Rajasthan Royals,,,male,Gujarat Titans,9.0,Rajasthan Royals,bat,,Nitin Menon,2023,HAS Khalid,Indian Premier League,,Rashid Khan,1359522
"MA Chidambaram Stadium, Chepauk, Chennai",Navdeep Singh,,2023-05-06,,P Joshi,Chennai Super Kings,Chennai,6,,49.0,V Narayan Kutty,Mumbai Indians,,,male,Chennai Super Kings,6.0,Chennai Super Kings,field,,KN Ananthapadmanabhan,2023,BNJ Oxenford,Indian Premier League,,M Pathirana,1359523
"Arun Jaitley Stadium, Delhi",YC Barde,,2023-05-06,,Mohamad Rafi,Delhi Capitals,Delhi,6,,50.0,M Nayyar,Royal Challengers Bangalore,,,male,Delhi Capitals,7.0,Royal Challengers Bangalore,bat,,J Madanagopal,2023,RJ Tucker,Indian Premier League,,PD Salt,1359524
"Narendra Modi Stadium, Ahmedabad",A Nand Kishore,56.0,2023-05-07,,M Krishnadas,Gujarat Titans,Ahmedabad,6,,51.0,Prakash Bhatt,Gujarat Titans,,,male,Lucknow Super Giants,,Lucknow Super Giants,field,,CB Gaffaney,2023,AK Chaudhary,Indian Premier League,,Shubman Gill,1359525
"Sawai Mansingh Stadium, Jaipur",Vinod Seshan,,2023-05-07,,VM Dhokre,Sunrisers Hyderabad,Jaipur,6,,52.0,J Srinath,Rajasthan Royals,,,male,Sunrisers Hyderabad,4.0,Rajasthan Royals,bat,,VK Sharma,2023,Nitin Menon,Indian Premier League,,GD Phillips,1359526
"Eden Gardens, Kolkata",J Madanagopal,,2023-05-08,,Mohamad Rafi,Kolkata Knight Riders,Kolkata,6,,53.0,SS Raul,Punjab Kings,,,male,Kolkata Knight Riders,5.0,Punjab Kings,bat,,UV Gandhe,2023,A Totre,Indian Premier League,,AD Russell,1359527
"Wankhede Stadium, Mumbai",VK Sharma,,2023-05-09,,VM Dhokre,Mumbai Indians,Mumbai,6,,54.0,RS Sodhi,Royal Challengers Bangalore,,,male,Mumbai Indians,6.0,Mumbai Indians,field,,Nitin Menon,2023,HAS Khalid,Indian Premier League,,SA Yadav,1359528
"MA Chidambaram Stadium, Chepauk, Chennai",NA Patwardhan,27.0,2023-05-10,,M Krishnadas,Chennai Super Kings,Chennai,6,,55.0,Sanjay Verma,Chennai Super Kings,,,male,Delhi Capitals,,Chennai Super Kings,bat,,AK Chaudhary,2023,CB Gaffaney,Indian Premier League,,RA Jadeja,1359529
"Eden Gardens, Kolkata",MV Saidharshan Kumar,,2023-05-11,,P Joshi,Rajasthan Royals,Kolkata,6,,56.0,P Dharmani,Kolkata Knight Riders,,,male,Rajasthan Royals,9.0,Rajasthan Royals,field,,R Pandit,2023,RJ Tucker,Indian Premier League,,YBK Jaiswal,1359530
"Wankhede Stadium, Mumbai",Tapan Sharma,27.0,2023-05-12,,VM Dhokre,Mumbai Indians,Mumbai,6,,57.0,RS Sodhi,Mumbai Indians,,,male,Gujarat Titans,,Gujarat Titans,field,,Vinod Seshan,2023,Nitin Menon,Indian Premier League,,SA Yadav,1359531
"Arun Jaitley Stadium, Delhi",NA Patwardhan,31.0,2023-05-13,,M Krishnadas,Punjab Kings,Delhi,6,,59.0,Sanjay Verma,Punjab Kings,,,male,Delhi Capitals,,Delhi Capitals,field,,GR Sadashiv Iyer,2023,CB Gaffaney,Indian Premier League,,P Simran Singh,1359533
"Rajiv Gandhi International Stadium, Uppal, Hyderabad",J Madanagopal,,2023-05-13,,Mohamad Rafi,Lucknow Super Giants,Hyderabad,6,,58.0,P Dharmani,Sunrisers Hyderabad,,,male,Lucknow Super Giants,7.0,Sunrisers Hyderabad,bat,,YC Barde,2023,A Totre,Indian Premier League,,PN Mankad,1359532
"Sawai Mansingh Stadium, Jaipur",Navdeep Singh,112.0,2023-05-14,,P Joshi,Royal Challengers Bangalore,Jaipur,6,,60.0,V Narayan Kutty,Royal Challengers Bangalore,,,male,Rajasthan Royals,,Royal Challengers Bangalore,bat,,RJ Tucker,2023,KN Ananthapadmanabhan,Indian Premier League,,WD Parnell,1359534
"MA Chidambaram Stadium, Chepauk, Chennai",Vinod Seshan,,2023-05-14,,VM Dhokre,Kolkata Knight Riders,Chennai,6,,61.0,J Srinath,Chennai Super Kings,,,male,Kolkata Knight Riders,6.0,Chennai Super Kings,bat,,Nitin Menon,2023,Tapan Sharma,Indian Premier League,,RK Singh,1359535
"Narendra Modi Stadium, Ahmedabad",UV Gandhe,34.0,2023-05-15,,Mohamad Rafi,Gujarat Titans,Ahmedabad,6,,62.0,M Nayyar,Gujarat Titans,,,male,Sunrisers Hyderabad,,Sunrisers Hyderabad,field,,A Totre,2023,J Madanagopal,Indian Premier League,,Shubman Gill,1359536
"Bharat Ratna Shri Atal Bihari Vajpayee Ekana Cricket Stadium, Lucknow",A Nand Kishore,5.0,2023-05-16,,M Krishnadas,Lucknow Super Giants,Lucknow,6,,63.0,Sanjay Verma,Lucknow Super Giants,,,male,Mumbai Indians,,Mumbai Indians,field,,CB Gaffaney,2023,AK Chaudhary,Indian Premier League,,MP Stoinis,1359537
"Himachal Pradesh Cricket Association Stadium, Dharamsala",MV Saidharshan Kumar,15.0,2023-05-17,,P Joshi,Delhi Capitals,Dharamsala,6,,64.0,P Dharmani,Delhi Capitals,,,male,Punjab Kings,,Punjab Kings,field,,RJ Tucker,2023,KN Ananthapadmanabhan,Indian Premier League,,RR Rossouw,1359538
"Rajiv Gandhi International Stadium, Uppal, Hyderabad",VK Sharma,,2023-05-18,,VM Dhokre,Royal Challengers Bangalore,Hyderabad,6,,65.0,J Srinath,Sunrisers Hyderabad,,,male,Royal Challengers Bangalore,8.0,Royal Challengers Bangalore,field,,HAS Khalid,2023,BNJ Oxenford,Indian Premier League,,V Kohli,1359539
"Himachal Pradesh Cricket Association Stadium, Dharamsala",RJ Tucker,,2023-05-19,,P Joshi,Rajasthan Royals,Dharamsala,6,,66.0,P Dharmani,Punjab Kings,,,male,Rajasthan Royals,4.0,Rajasthan Royals,field,,Navdeep Singh,2023,A Nand Kishore,Indian Premier League,,D Padikkal,1359540
"Arun Jaitley Stadium, Delhi",NA Patwardhan,77.0,2023-05-20,,M Krishnadas,Chennai Super Kings,Delhi,6,,67.0,Sanjay Verma,Chennai Super Kings,,,male,Delhi Capitals,,Chennai Super Kings,bat,,AK Chaudhary,2023,CB Gaffaney,Indian Premier League,,RD Gaikwad,1359541
"Eden Gardens, Kolkata",UV Gandhe,1.0,2023-05-20,,Mohamad Rafi,Lucknow Super Giants,Kolkata,6,,68.0,M Nayyar,Lucknow Super Giants,,,male,Kolkata Knight Riders,,Kolkata Knight Riders,field,,YC Barde,2023,J Madanagopal,Indian Premier League,,N Pooran,1359542
"Wankhede Stadium, Mumbai",RJ Tucker,,2023-05-21,,P Joshi,Mumbai Indians,Mumbai,6,,69.0,P Dharmani,Sunrisers Hyderabad,,,male,Mumbai Indians,8.0,Mumbai Indians,field,,R Pandit,2023,KN Ananthapadmanabhan,Indian Premier League,,C Green,1359543
"M Chinnaswamy Stadium, Bengaluru",VK Sharma,,2023-05-21,,VM Dhokre,Gujarat Titans,Bengaluru,6,,70.0,J Srinath,Royal Challengers Bangalore,,,male,Gujarat Titans,6.0,Gujarat Titans,field,,Tapan Sharma,2023,Nitin Menon,Indian Premier League,,Shubman Gill,1359544
"MA Chidambaram Stadium, Chepauk, Chennai",CB Gaffaney,15.0,2023-05-23,,VK Sharma,Chennai Super Kings,Chennai,6,,,M Nayyar,Chennai Super Kings,,,male,Gujarat Titans,,Gujarat Titans,field,,BNJ Oxenford,2023,AK Chaudhary,Indian Premier League,,RD Gaikwad,1370350
"MA Chidambaram Stadium, Chepauk, Chennai",VK Sharma,81.0,2023-05-24,,AK Chaudhary,Mumbai Indians,Chennai,6,,,V Narayan Kutty,Mumbai Indians,,,male,Lucknow Super Giants,,Mumbai Indians,bat,,CB Gaffaney,2023,BNJ Oxenford,Indian Premier League,,Akash Madhwal,1370351
"Narendra Modi Stadium, Ahmedabad",RJ Tucker,62.0,2023-05-26,,KN Ananthapadmanabhan,Gujarat Titans,Ahmedabad,6,,,J Srinath,Gujarat Titans,,,male,Mumbai Indians,,Mumbai Indians,field,,J Madanagopal,2023,Nitin Menon,Indian Premier League,,Shubman Gill,1370352
"Narendra Modi Stadium, Ahmedabad",RJ Tucker,,2023-05-29,,J Madanagopal,Chennai Super Kings,Ahmedabad,6,,,J Srinath,Gujarat Titans,,,male,Chennai Super Kings,5.0,Chennai Super Kings,field,,KN Ananthapadmanabhan,2023,Nitin Menon,Indian Premier League,,DP Conway,1370353
